model,brood_year,return_year,system,age_group,observed_returns,predicted_returns
boost_tree,1995,2000,Igushik,2_2,6.53107891277216,92.29153394699097
boost_tree,1995,2000,Wood,2_2,117.39806477986,7.029473781585693
boost_tree,1995,2000,Nushagak,2_2,13.3383822432371,26.325583457946777
boost_tree,1995,2000,Kvichak,2_2,677.133031946363,5982.939600944519
boost_tree,1995,2000,Naknek,2_2,117.75399951469,474.2932319641113
boost_tree,1995,2000,Egegik,2_2,1726.75027502771,3529.9065709114075
boost_tree,1995,2000,Ugashik,2_2,130.226105110663,1038.2622480392456
boost_tree,1996,2001,Igushik,2_2,0.8073411471533369,143.0031657218933
boost_tree,1996,2001,Wood,2_2,2.90044984345796,143.0031657218933
boost_tree,1996,2001,Nushagak,2_2,4.81135786109076,143.0031657218933
boost_tree,1996,2001,Kvichak,2_2,24.302420013975,2662.4521613121033
boost_tree,1996,2001,Naknek,2_2,49.6541915278732,143.0031657218933
boost_tree,1996,2001,Egegik,2_2,542.540181669639,1845.414936542511
boost_tree,1996,2001,Ugashik,2_2,31.8013042183789,143.0031657218933
boost_tree,1997,2002,Igushik,2_2,9.52201187852342,6.152689456939697
boost_tree,1997,2002,Wood,2_2,194.836391392085,87.7535343170166
boost_tree,1997,2002,Nushagak,2_2,4.07514617142039,296.09084129333496
boost_tree,1997,2002,Kvichak,2_2,342.016937402607,1211.8452787399292
boost_tree,1997,2002,Naknek,2_2,825.499876103832,306.3380718231201
boost_tree,1997,2002,Egegik,2_2,3493.43096881301,1577.901840209961
boost_tree,1997,2002,Ugashik,2_2,1657.6380416483598,633.4701180458069
boost_tree,1998,2003,Igushik,2_2,2.90678967415879,0
boost_tree,1998,2003,Wood,2_2,148.016758074404,25.064051151275635
boost_tree,1998,2003,Nushagak,2_2,7.35229999281718,0
boost_tree,1998,2003,Kvichak,2_2,343.819106360459,646.430253982544
boost_tree,1998,2003,Naknek,2_2,553.804850020757,105.58903217315674
boost_tree,1998,2003,Egegik,2_2,490.761355957571,453.452467918396
boost_tree,1998,2003,Ugashik,2_2,524.716192140516,41.00203514099121
boost_tree,1999,2004,Igushik,2_2,58.3924637090693,231.59116506576538
boost_tree,1999,2004,Wood,2_2,399.867334772937,616.1096692085266
boost_tree,1999,2004,Nushagak,2_2,13.0978758619131,111.0696792602539
boost_tree,1999,2004,Kvichak,2_2,5815.7723502119,8742.135763168335
boost_tree,1999,2004,Naknek,2_2,707.962310802621,1379.3045282363892
boost_tree,1999,2004,Egegik,2_2,9206.9936917785,9074.314832687378
boost_tree,1999,2004,Ugashik,2_2,1185.59203660038,2393.5699462890625
boost_tree,2000,2005,Igushik,2_2,12.3772904288214,0
boost_tree,2000,2005,Wood,2_2,112.747788294284,88.40948343276978
boost_tree,2000,2005,Nushagak,2_2,5.16652049467201,47.64556884765625
boost_tree,2000,2005,Kvichak,2_2,742.8429904703942,0
boost_tree,2000,2005,Naknek,2_2,453.896901675349,83.17649364471436
boost_tree,2000,2005,Egegik,2_2,3546.27131298221,3135.073184967041
boost_tree,2000,2005,Ugashik,2_2,44.2735623076944,99.10494089126587
boost_tree,2001,2006,Igushik,2_2,7.80161810371995,104.84695434570312
boost_tree,2001,2006,Wood,2_2,562.702140515434,145.8442211151123
boost_tree,2001,2006,Nushagak,2_2,4.76334463212569,81.47120475769043
boost_tree,2001,2006,Kvichak,2_2,819.6892132818028,334.59365367889404
boost_tree,2001,2006,Naknek,2_2,396.239388226401,250.64021348953247
boost_tree,2001,2006,Egegik,2_2,1585.9566102893898,988.4646534919739
boost_tree,2001,2006,Ugashik,2_2,130.860811550997,265.79856872558594
boost_tree,2002,2007,Igushik,2_2,40.5684355266669,100.61055421829224
boost_tree,2002,2007,Wood,2_2,236.544500564186,512.1755599975586
boost_tree,2002,2007,Nushagak,2_2,30.2931040794289,79.54001426696777
boost_tree,2002,2007,Kvichak,2_2,142.426304356772,1056.4640164375305
boost_tree,2002,2007,Naknek,2_2,250.688439937161,951.8396854400635
boost_tree,2002,2007,Egegik,2_2,1050.68228676067,2353.5582423210144
boost_tree,2002,2007,Ugashik,2_2,305.59396403063,2212.30149269104
boost_tree,2003,2008,Igushik,2_2,2.01644191043646,1262.180209159851
boost_tree,2003,2008,Wood,2_2,37.7414969629164,1283.4033370018005
boost_tree,2003,2008,Nushagak,2_2,1.13959102027859e-12,1260.877549648285
boost_tree,2003,2008,Kvichak,2_2,31.3896418714419,1457.202136516571
boost_tree,2003,2008,Naknek,2_2,247.10864999513296,1734.2883348464966
boost_tree,2003,2008,Egegik,2_2,1926.40878969996,1372.1007108688354
boost_tree,2003,2008,Ugashik,2_2,35.6573612894468,1756.8615078926086
boost_tree,2004,2009,Igushik,2_2,16.9992444411081,879.802405834198
boost_tree,2004,2009,Wood,2_2,112.868386957441,988.5665774345398
boost_tree,2004,2009,Nushagak,2_2,5.76026466354301,878.0491352081299
boost_tree,2004,2009,Kvichak,2_2,2634.42585403184,2292.484939098358
boost_tree,2004,2009,Naknek,2_2,979.063191611649,1295.081079006195
boost_tree,2004,2009,Egegik,2_2,6022.979238819169,2468.9656496047974
boost_tree,2004,2009,Ugashik,2_2,1238.12580100635,1355.2585244178772
boost_tree,2005,2010,Igushik,2_2,28.673866372149003,137.9355788230896
boost_tree,2005,2010,Wood,2_2,235.871353075303,401.9784927368164
boost_tree,2005,2010,Nushagak,2_2,8.74768063347035,88.5838270187378
boost_tree,2005,2010,Kvichak,2_2,4527.2478635668,1384.8906755447388
boost_tree,2005,2010,Naknek,2_2,801.427187885937,701.7362117767334
boost_tree,2005,2010,Egegik,2_2,2866.20143686753,3082.665801048279
boost_tree,2005,2010,Ugashik,2_2,1174.2152155265,517.6892876625061
boost_tree,2006,2011,Igushik,2_2,18.501216883357,1455.731987953186
boost_tree,2006,2011,Wood,2_2,185.856810906484,1632.792353630066
boost_tree,2006,2011,Nushagak,2_2,5.28221390168137,1376.4044642448425
boost_tree,2006,2011,Kvichak,2_2,1197.11477601078,2631.295919418335
boost_tree,2006,2011,Naknek,2_2,717.671066216282,1583.6486220359802
boost_tree,2006,2011,Egegik,2_2,1632.02724427534,2000.1035928726196
boost_tree,2006,2011,Ugashik,2_2,935.099166455408,1623.1584548950195
boost_tree,2007,2012,Igushik,2_2,16.1280576908381,1076.0566592216492
boost_tree,2007,2012,Wood,2_2,175.41290265588398,1226.7118692398071
boost_tree,2007,2012,Nushagak,2_2,2.3190166318446696e-12,1100.0686883926392
boost_tree,2007,2012,Kvichak,2_2,6972.78220281663,3713.390827178955
boost_tree,2007,2012,Naknek,2_2,645.1058087863402,1484.9594235420227
boost_tree,2007,2012,Egegik,2_2,3376.16128927992,2804.0117025375366
boost_tree,2007,2012,Ugashik,2_2,697.495679373297,1753.1350255012512
boost_tree,2008,2013,Igushik,2_2,38.3974431203571,151.12102031707764
boost_tree,2008,2013,Wood,2_2,47.7946937799896,305.1614761352539
boost_tree,2008,2013,Nushagak,2_2,4.81823517211493,276.15636587142944
boost_tree,2008,2013,Kvichak,2_2,1247.52772189412,2759.7856521606445
boost_tree,2008,2013,Naknek,2_2,360.662745067519,542.5560474395752
boost_tree,2008,2013,Egegik,2_2,1104.56344686744,2306.7131638526917
boost_tree,2008,2013,Ugashik,2_2,332.158147563555,677.4696707725525
boost_tree,2009,2014,Igushik,2_2,56.1127447838291,110.35412549972534
boost_tree,2009,2014,Wood,2_2,208.955751202565,402.5295376777649
boost_tree,2009,2014,Nushagak,2_2,4.71267152989119,85.14732122421265
boost_tree,2009,2014,Kvichak,2_2,9725.83156372782,4724.342226982117
boost_tree,2009,2014,Naknek,2_2,396.324250312946,3000.3511905670166
boost_tree,2009,2014,Egegik,2_2,2761.97078143254,5211.557149887085
boost_tree,2009,2014,Ugashik,2_2,144.293153644346,3207.9970836639404
boost_tree,2010,2015,Igushik,2_2,0.500258412644892,42.843520641326904
boost_tree,2010,2015,Wood,2_2,214.85272466989701,343.8672423362732
boost_tree,2010,2015,Nushagak,2_2,2.10098450704804,0
boost_tree,2010,2015,Kvichak,2_2,13231.0775150246,8921.145796775818
boost_tree,2010,2015,Naknek,2_2,1371.81392412522,862.4273538589478
boost_tree,2010,2015,Egegik,2_2,5985.04356346989,6804.495453834534
boost_tree,2010,2015,Ugashik,2_2,441.803275255574,1013.9623284339905
boost_tree,2011,2016,Igushik,2_2,11.1645868371735,192.96109676361084
boost_tree,2011,2016,Wood,2_2,105.680451345522,566.8628215789795
boost_tree,2011,2016,Nushagak,2_2,3.3392688382183,209.75738763809204
boost_tree,2011,2016,Kvichak,2_2,2573.72923298511,7040.520906448364
boost_tree,2011,2016,Naknek,2_2,864.071633804588,1893.1159377098083
boost_tree,2011,2016,Egegik,2_2,3901.9376373978,3455.8796882629395
boost_tree,2011,2016,Ugashik,2_2,1304.6263560929299,2397.4019289016724
boost_tree,2012,2017,Igushik,2_2,4.05031401456347,56.649744510650635
boost_tree,2012,2017,Wood,2_2,56.375811879954,230.40473461151123
boost_tree,2012,2017,Nushagak,2_2,52.4822144127485,42.8009033203125
boost_tree,2012,2017,Kvichak,2_2,397.152816428096,4698.927700519562
boost_tree,2012,2017,Naknek,2_2,616.529709870026,848.3320474624634
boost_tree,2012,2017,Egegik,2_2,4775.92540722803,5224.279761314392
boost_tree,2012,2017,Ugashik,2_2,653.764074759861,1213.6980891227722
boost_tree,2013,2018,Igushik,2_2,0.678267806760258,7.488131523132324
boost_tree,2013,2018,Wood,2_2,57.51685658046069,106.62317276000977
boost_tree,2013,2018,Nushagak,2_2,13.7017110784308,93.783438205719
boost_tree,2013,2018,Kvichak,2_2,38.2693828449903,515.3557658195496
boost_tree,2013,2018,Naknek,2_2,228.371779390446,138.73666524887085
boost_tree,2013,2018,Egegik,2_2,467.779846009373,644.5562839508057
boost_tree,2013,2018,Ugashik,2_2,56.4876138992288,0
boost_tree,2014,2019,Igushik,2_2,5.27231431997063,104.28398847579956
boost_tree,2014,2019,Wood,2_2,340.885925042278,328.2544016838074
boost_tree,2014,2019,Nushagak,2_2,65.7777694481224,193.75890493392944
boost_tree,2014,2019,Kvichak,2_2,71.2506747459969,5232.629776000977
boost_tree,2014,2019,Naknek,2_2,240.113962544785,450.2561688423157
boost_tree,2014,2019,Egegik,2_2,1280.10078152867,4560.347497463226
boost_tree,2014,2019,Ugashik,2_2,53.2022169266808,500.5723237991333
boost_tree,1996,2000,Igushik,1_2,77.0318964232781,233.20555686950684
boost_tree,1996,2000,Wood,1_2,3104.64330313033,1776.6323685646057
boost_tree,1996,2000,Nushagak,1_2,363.7883908872711,119.74900960922241
boost_tree,1996,2000,Kvichak,1_2,547.555939104106,1255.5581331253052
boost_tree,1996,2000,Naknek,1_2,340.634566103316,466.9755697250366
boost_tree,1996,2000,Egegik,1_2,412.382557954044,481.584370136261
boost_tree,1996,2000,Ugashik,1_2,260.683564861841,971.2696075439453
boost_tree,1997,2001,Igushik,1_2,1.92656180904292,541.1884188652039
boost_tree,1997,2001,Wood,1_2,204.615171809202,2187.112271785736
boost_tree,1997,2001,Nushagak,1_2,37.5721894059692,479.5593023300171
boost_tree,1997,2001,Kvichak,1_2,159.364714192619,2782.673239707947
boost_tree,1997,2001,Naknek,1_2,97.4714974381258,730.6775450706482
boost_tree,1997,2001,Egegik,1_2,17.1621261780294,619.0979480743408
boost_tree,1997,2001,Ugashik,1_2,283.827953786327,855.2441000938416
boost_tree,1998,2002,Igushik,1_2,130.362457260891,318.1073069572449
boost_tree,1998,2002,Wood,1_2,3038.3335432708,1894.8176503181458
boost_tree,1998,2002,Nushagak,1_2,154.933593198501,138.06968927383423
boost_tree,1998,2002,Kvichak,1_2,375.942275188152,1742.7542805671692
boost_tree,1998,2002,Naknek,1_2,595.642300287036,700.172483921051
boost_tree,1998,2002,Egegik,1_2,20.334586672833098,418.68120431900024
boost_tree,1998,2002,Ugashik,1_2,179.053304944581,487.155020236969
boost_tree,1999,2003,Igushik,1_2,60.8524256849945,117.18779802322388
boost_tree,1999,2003,Wood,1_2,2291.69964014751,2148.539125919342
boost_tree,1999,2003,Nushagak,1_2,88.03056583902682,115.73463678359985
boost_tree,1999,2003,Kvichak,1_2,1010.49340035683,3986.024856567383
boost_tree,1999,2003,Naknek,1_2,713.05987482427,1224.0326404571533
boost_tree,1999,2003,Egegik,1_2,162.299801201633,487.4655604362488
boost_tree,1999,2003,Ugashik,1_2,1255.07523042598,1214.9646878242493
boost_tree,2000,2004,Igushik,1_2,53.302668283195,139.38456773757935
boost_tree,2000,2004,Wood,1_2,3280.67602941204,2675.5446195602417
boost_tree,2000,2004,Nushagak,1_2,240.485342231469,82.76611566543579
boost_tree,2000,2004,Kvichak,1_2,1884.6515394287803,950.4857659339905
boost_tree,2000,2004,Naknek,1_2,1207.02065903027,201.9268274307251
boost_tree,2000,2004,Egegik,1_2,1302.46197760485,215.4216170310974
boost_tree,2000,2004,Ugashik,1_2,1866.3403528829197,266.0733461380005
boost_tree,2001,2005,Igushik,1_2,31.82731825472,722.406804561615
boost_tree,2001,2005,Wood,1_2,2176.25913665821,1048.896610736847
boost_tree,2001,2005,Nushagak,1_2,256.405375229429,722.406804561615
boost_tree,2001,2005,Kvichak,1_2,633.259026961788,1210.9944224357605
boost_tree,2001,2005,Naknek,1_2,484.233355316322,722.406804561615
boost_tree,2001,2005,Egegik,1_2,292.655805574131,722.406804561615
boost_tree,2001,2005,Ugashik,1_2,399.29790540828,812.8675818443298
boost_tree,2002,2006,Igushik,1_2,235.17232722565,503.9721727371216
boost_tree,2002,2006,Wood,1_2,5937.28388446856,2336.076498031616
boost_tree,2002,2006,Nushagak,1_2,179.949038081643,434.56554412841797
boost_tree,2002,2006,Kvichak,1_2,2456.93218694439,2760.3042125701904
boost_tree,2002,2006,Naknek,1_2,1471.10554402306,1484.4289422035217
boost_tree,2002,2006,Egegik,1_2,1450.97128166601,728.9221882820129
boost_tree,2002,2006,Ugashik,1_2,2071.28897153353,900.2184867858887
boost_tree,2003,2007,Igushik,1_2,772.5298751146851,605.5229902267456
boost_tree,2003,2007,Wood,1_2,5350.24561154718,4470.753967761993
boost_tree,2003,2007,Nushagak,1_2,388.618202920449,535.3894829750061
boost_tree,2003,2007,Kvichak,1_2,3595.85401013122,2508.9171528816223
boost_tree,2003,2007,Naknek,1_2,3692.03719254309,1662.8006100654602
boost_tree,2003,2007,Egegik,1_2,1984.9557403894598,1151.5215039253235
boost_tree,2003,2007,Ugashik,1_2,4701.77763033801,2034.6859097480774
boost_tree,2004,2008,Igushik,1_2,596.206422901516,521.5832591056824
boost_tree,2004,2008,Wood,1_2,3912.88410041349,4110.957384109497
boost_tree,2004,2008,Nushagak,1_2,194.590815556188,854.4573187828064
boost_tree,2004,2008,Kvichak,1_2,4797.86543600341,2407.200336456299
boost_tree,2004,2008,Naknek,1_2,986.613738477702,2797.3681688308716
boost_tree,2004,2008,Egegik,1_2,2788.9779175025205,2821.8910098075867
boost_tree,2004,2008,Ugashik,1_2,1319.48461189936,3222.3063707351685
boost_tree,2005,2009,Igushik,1_2,326.356128009367,512.554943561554
boost_tree,2005,2009,Wood,1_2,2515.74297661026,3612.7114295959473
boost_tree,2005,2009,Nushagak,1_2,359.162588976833,773.1184363365173
boost_tree,2005,2009,Kvichak,1_2,1254.2425550963,2598.1593132019043
boost_tree,2005,2009,Naknek,1_2,1302.9247710825,1679.1781783103943
boost_tree,2005,2009,Egegik,1_2,470.725912920338,1422.2145080566406
boost_tree,2005,2009,Ugashik,1_2,876.221302842437,1713.8707637786865
boost_tree,2006,2010,Igushik,1_2,187.97907779181398,271.99506759643555
boost_tree,2006,2010,Wood,1_2,4545.89960078363,5601.680278778076
boost_tree,2006,2010,Nushagak,1_2,104.73984738397,223.68162870407104
boost_tree,2006,2010,Kvichak,1_2,3663.81512406944,5121.684670448303
boost_tree,2006,2010,Naknek,1_2,1657.2382775297801,1669.7713732719421
boost_tree,2006,2010,Egegik,1_2,144.943023788434,1915.3353571891785
boost_tree,2006,2010,Ugashik,1_2,1066.91959563798,3468.0742025375366
boost_tree,2007,2011,Igushik,1_2,160.64214553169703,829.1080594062805
boost_tree,2007,2011,Wood,1_2,1466.8271764191702,4320.208132266998
boost_tree,2007,2011,Nushagak,1_2,30.8832395986522,226.32479667663574
boost_tree,2007,2011,Kvichak,1_2,1542.5196160436399,3718.3958292007446
boost_tree,2007,2011,Naknek,1_2,1861.8947592203,2116.4071559906006
boost_tree,2007,2011,Egegik,1_2,53.0881178603434,1954.0837407112122
boost_tree,2007,2011,Ugashik,1_2,1274.64602509249,2247.4664449691772
boost_tree,2008,2012,Igushik,1_2,52.6719293508331,628.1337141990662
boost_tree,2008,2012,Wood,1_2,1306.63321118868,2529.09779548645
boost_tree,2008,2012,Nushagak,1_2,163.55336749,251.66600942611694
boost_tree,2008,2012,Kvichak,1_2,2679.1577001357296,1940.5558705329895
boost_tree,2008,2012,Naknek,1_2,580.028030544573,1186.1631274223328
boost_tree,2008,2012,Egegik,1_2,630.1330913481659,1574.1536021232605
boost_tree,2008,2012,Ugashik,1_2,1046.76531603194,1512.8383040428162
boost_tree,2009,2013,Igushik,1_2,132.091507585816,83.72724056243896
boost_tree,2009,2013,Wood,1_2,1382.65634945268,2046.8762516975403
boost_tree,2009,2013,Nushagak,1_2,97.89726738999299,175.00966787338257
boost_tree,2009,2013,Kvichak,1_2,740.946621602929,1979.8561930656433
boost_tree,2009,2013,Naknek,1_2,457.37017364901396,1538.4727716445923
boost_tree,2009,2013,Egegik,1_2,305.15701629289,844.8860049247742
boost_tree,2009,2013,Ugashik,1_2,376.195383259125,1284.741461277008
boost_tree,2010,2014,Igushik,1_2,567.608859534158,350.70300102233887
boost_tree,2010,2014,Wood,1_2,4795.48131876965,3669.399619102478
boost_tree,2010,2014,Nushagak,1_2,203.01783278778697,135.58298349380493
boost_tree,2010,2014,Kvichak,1_2,6053.03384854532,3483.2262992858887
boost_tree,2010,2014,Naknek,1_2,3219.16698952576,1486.3857626914978
boost_tree,2010,2014,Egegik,1_2,537.385892056891,761.5384459495544
boost_tree,2010,2014,Ugashik,1_2,578.973611087804,1612.3634576797485
boost_tree,2011,2015,Igushik,1_2,507.83990116176204,1224.2627143859863
boost_tree,2011,2015,Wood,1_2,2666.59522541511,3250.160813331604
boost_tree,2011,2015,Nushagak,1_2,206.79429720728,1087.7585411071777
boost_tree,2011,2015,Kvichak,1_2,2846.2089828668504,3232.816159725189
boost_tree,2011,2015,Naknek,1_2,2215.84687872177,2421.858310699463
boost_tree,2011,2015,Egegik,1_2,444.75627091330597,1611.0199689865112
boost_tree,2011,2015,Ugashik,1_2,2738.6031890886,2283.2104563713074
boost_tree,2012,2016,Igushik,1_2,364.111882177068,605.2872538566589
boost_tree,2012,2016,Wood,1_2,3133.42309669789,3159.3427062034607
boost_tree,2012,2016,Nushagak,1_2,486.25772017826097,503.7274956703186
boost_tree,2012,2016,Kvichak,1_2,8590.99449963888,5532.30345249176
boost_tree,2012,2016,Naknek,1_2,2391.53669757651,1486.6027235984802
boost_tree,2012,2016,Egegik,1_2,1977.51129768959,1465.8406376838684
boost_tree,2012,2016,Ugashik,1_2,3480.57400293882,1812.5316500663757
boost_tree,2013,2017,Igushik,1_2,906.912973924536,418.13164949417114
boost_tree,2013,2017,Wood,1_2,9677.40999317808,2989.3994331359863
boost_tree,2013,2017,Nushagak,1_2,3586.57085022912,183.60763788223267
boost_tree,2013,2017,Kvichak,1_2,3713.9311999689003,3277.7220010757446
boost_tree,2013,2017,Naknek,1_2,2742.0954073183593,1809.450387954712
boost_tree,2013,2017,Egegik,1_2,2859.58209145963,1386.5339756011963
boost_tree,2013,2017,Ugashik,1_2,3860.5066521196104,1674.3859648704529
boost_tree,2014,2018,Igushik,1_2,734.903804013635,2268.194556236267
boost_tree,2014,2018,Wood,1_2,20246.487680403796,7297.003865242004
boost_tree,2014,2018,Nushagak,1_2,1124.54037169783,2372.179329395294
boost_tree,2014,2018,Kvichak,1_2,4484.06526215167,5638.864636421204
boost_tree,2014,2018,Naknek,1_2,2955.13751777148,6413.731575012207
boost_tree,2014,2018,Egegik,1_2,2156.59021568023,2959.4725370407104
boost_tree,2014,2018,Ugashik,1_2,2596.18180516262,3706.921935081482
boost_tree,2015,2019,Igushik,1_2,232.320835120927,1486.9147539138794
boost_tree,2015,2019,Wood,1_2,8063.58248440644,8175.910115242004
boost_tree,2015,2019,Nushagak,1_2,504.79693433961,2063.2553100585938
boost_tree,2015,2019,Kvichak,1_2,5730.1773636997295,4976.770877838135
boost_tree,2015,2019,Naknek,1_2,5251.85648479219,4574.100077152252
boost_tree,2015,2019,Egegik,1_2,11551.892338557498,2745.9633350372314
boost_tree,2015,2019,Ugashik,1_2,1880.31127386135,4648.047089576721
boost_tree,1995,2000,Igushik,1_3,881.255914116359,1254.7314167022705
boost_tree,1995,2000,Wood,1_3,3217.0870279288697,2378.908097743988
boost_tree,1995,2000,Nushagak,1_3,925.44881908919,1310.693621635437
boost_tree,1995,2000,Kvichak,1_3,2098.0556476268,1664.4003987312317
boost_tree,1995,2000,Naknek,1_3,3130.74532811901,2173.233926296234
boost_tree,1995,2000,Egegik,1_3,2696.12358303612,1578.52441072464
boost_tree,1995,2000,Ugashik,1_3,1732.03486209766,1578.52441072464
boost_tree,1996,2001,Igushik,1_3,800.392988632161,611.0849976539612
boost_tree,1996,2001,Wood,1_3,4383.74544721192,1655.4579138755798
boost_tree,1996,2001,Nushagak,1_3,1857.2412856885,1309.6973299980164
boost_tree,1996,2001,Kvichak,1_3,1651.8177864150703,1190.5908584594727
boost_tree,1996,2001,Naknek,1_3,5591.15433758177,1430.545151233673
boost_tree,1996,2001,Egegik,1_3,1386.36608215562,1261.8771195411682
boost_tree,1996,2001,Ugashik,1_3,1050.8333022563,1332.6898217201233
boost_tree,1997,2002,Igushik,1_3,51.66832987016989,514.2638087272644
boost_tree,1997,2002,Wood,1_3,584.427046511976,1898.2774019241333
boost_tree,1997,2002,Nushagak,1_3,423.104905511225,948.5378861427307
boost_tree,1997,2002,Kvichak,1_3,140.515836672732,775.7481932640076
boost_tree,1997,2002,Naknek,1_3,899.635540323144,1722.9902744293213
boost_tree,1997,2002,Egegik,1_3,177.854741528293,822.5429058074951
boost_tree,1997,2002,Ugashik,1_3,647.818202319307,1041.4889454841614
boost_tree,1998,2003,Igushik,1_3,393.266109393025,337.77058124542236
boost_tree,1998,2003,Wood,1_3,3535.6823544722606,2271.517813205719
boost_tree,1998,2003,Nushagak,1_3,2237.86876198425,969.3831205368042
boost_tree,1998,2003,Kvichak,1_3,422.187106522037,1040.2792692184448
boost_tree,1998,2003,Naknek,1_3,1957.15353190854,1988.048255443573
boost_tree,1998,2003,Egegik,1_3,76.4336324749365,646.7396020889282
boost_tree,1998,2003,Ugashik,1_3,302.211294523464,762.3699307441711
boost_tree,1999,2004,Igushik,1_3,146.839968080134,625.2017617225647
boost_tree,1999,2004,Wood,1_3,2609.4754126986295,1731.6454648971558
boost_tree,1999,2004,Nushagak,1_3,1540.40264509258,680.4671883583069
boost_tree,1999,2004,Kvichak,1_3,278.781842750109,1098.4787344932556
boost_tree,1999,2004,Naknek,1_3,1388.57877652449,1146.6652154922485
boost_tree,1999,2004,Egegik,1_3,395.979776102227,826.4997601509094
boost_tree,1999,2004,Ugashik,1_3,907.85114741791,839.3183350563049
boost_tree,2000,2005,Igushik,1_3,660.5463414763641,1567.7747130393982
boost_tree,2000,2005,Wood,1_3,3230.09422067033,2132.8896284103394
boost_tree,2000,2005,Nushagak,1_3,3299.2198346689797,1649.1585969924927
boost_tree,2000,2005,Kvichak,1_3,1264.56700289689,1954.4395804405212
boost_tree,2000,2005,Naknek,1_3,6824.90877785729,2085.8973264694214
boost_tree,2000,2005,Egegik,1_3,2432.55443428977,1954.4395804405212
boost_tree,2000,2005,Ugashik,1_3,2342.56706618587,1954.4395804405212
boost_tree,2001,2006,Igushik,1_3,442.819634474873,830.112099647522
boost_tree,2001,2006,Wood,1_3,5495.80117948832,2011.9640231132507
boost_tree,2001,2006,Nushagak,1_3,2113.32508612488,1693.9973831176758
boost_tree,2001,2006,Kvichak,1_3,2051.09847023304,1539.551317691803
boost_tree,2001,2006,Naknek,1_3,2926.49329707033,1982.9443097114563
boost_tree,2001,2006,Egegik,1_3,797.157916885736,1397.5876569747925
boost_tree,2001,2006,Ugashik,1_3,1437.9120884613803,1369.3058490753174
boost_tree,2002,2007,Igushik,1_3,202.31346825446596,1542.9690480232239
boost_tree,2002,2007,Wood,1_3,2121.06295633507,2703.5629749298096
boost_tree,2002,2007,Nushagak,1_3,1763.5077178889603,3250.3581047058105
boost_tree,2002,2007,Kvichak,1_3,1265.2470236775102,1625.7292032241821
boost_tree,2002,2007,Naknek,1_3,3683.6756780987603,3922.7068424224854
boost_tree,2002,2007,Egegik,1_3,2203.10766731632,1915.2387976646423
boost_tree,2002,2007,Ugashik,1_3,2167.49285111855,2409.830391407013
boost_tree,2003,2008,Igushik,1_3,1273.52914699582,1422.9762554168701
boost_tree,2003,2008,Wood,1_3,2810.30786757518,3163.987100124359
boost_tree,2003,2008,Nushagak,1_3,1542.62200735137,2530.5932760238647
boost_tree,2003,2008,Kvichak,1_3,1186.1805065656,2035.033106803894
boost_tree,2003,2008,Naknek,1_3,7547.53538394196,3643.198609352112
boost_tree,2003,2008,Egegik,1_3,2551.65384329518,1389.9290561676025
boost_tree,2003,2008,Ugashik,1_3,1532.34598944904,1795.731782913208
boost_tree,2004,2009,Igushik,1_3,1202.30941578869,1720.3405499458313
boost_tree,2004,2009,Wood,1_3,3867.60264820086,2866.48690700531
boost_tree,2004,2009,Nushagak,1_3,1474.12386197733,1697.08251953125
boost_tree,2004,2009,Kvichak,1_3,2931.1637992824903,1621.5234994888306
boost_tree,2004,2009,Naknek,1_3,1652.17279248148,3463.582992553711
boost_tree,2004,2009,Egegik,1_3,3459.26592735207,2180.7050704956055
boost_tree,2004,2009,Ugashik,1_3,1594.09232397385,2270.6207633018494
boost_tree,2005,2010,Igushik,1_3,1169.82240676128,747.2288608551025
boost_tree,2005,2010,Wood,1_3,3860.07930013579,2578.0564546585083
boost_tree,2005,2010,Nushagak,1_3,975.33819625788,1979.3018698692322
boost_tree,2005,2010,Kvichak,1_3,2033.4474117072502,1409.192681312561
boost_tree,2005,2010,Naknek,1_3,2255.79484990553,3094.3256616592407
boost_tree,2005,2010,Egegik,1_3,202.329242340627,2052.1733164787292
boost_tree,2005,2010,Ugashik,1_3,2314.05032215778,2002.268135547638
boost_tree,2006,2011,Igushik,1_3,782.302549399953,1876.3577938079834
boost_tree,2006,2011,Wood,1_3,3188.31758366476,2888.1222009658813
boost_tree,2006,2011,Nushagak,1_3,1017.2136463072901,2379.9386620521545
boost_tree,2006,2011,Kvichak,1_3,2701.9971698060394,2421.707510948181
boost_tree,2006,2011,Naknek,1_3,1928.2481182961,2737.511396408081
boost_tree,2006,2011,Egegik,1_3,253.93580865245,2114.7021651268005
boost_tree,2006,2011,Ugashik,1_3,1077.43577034226,2331.4380645751953
boost_tree,2007,2012,Igushik,1_3,422.8332093667469,1129.5688152313232
boost_tree,2007,2012,Wood,1_3,1144.81584442661,1664.8262739181519
boost_tree,2007,2012,Nushagak,1_3,750.2915287126789,1470.2877402305603
boost_tree,2007,2012,Kvichak,1_3,1852.3641920129703,1060.9951615333557
boost_tree,2007,2012,Naknek,1_3,1538.88490400028,1424.301266670227
boost_tree,2007,2012,Egegik,1_3,429.303381286117,870.799720287323
boost_tree,2007,2012,Ugashik,1_3,929.949659984446,982.7843308448792
boost_tree,2008,2013,Igushik,1_3,513.077366998821,748.9615678787231
boost_tree,2008,2013,Wood,1_3,1776.27349699445,2384.1726779937744
boost_tree,2008,2013,Nushagak,1_3,1834.25407695218,840.7968282699585
boost_tree,2008,2013,Kvichak,1_3,1930.8471095213301,1525.3031253814697
boost_tree,2008,2013,Naknek,1_3,1594.8960582041,2333.1815004348755
boost_tree,2008,2013,Egegik,1_3,1090.63651110288,1609.3170642852783
boost_tree,2008,2013,Ugashik,1_3,1728.70502348764,1101.5373468399048
boost_tree,2009,2014,Igushik,1_3,751.7582660387142,1087.8008604049683
boost_tree,2009,2014,Wood,1_3,2055.98667154187,2299.9709844589233
boost_tree,2009,2014,Nushagak,1_3,1139.86837365865,1077.8909921646118
boost_tree,2009,2014,Kvichak,1_3,1001.60456234264,1419.0477132797241
boost_tree,2009,2014,Naknek,1_3,889.419031032678,2523.0926275253296
boost_tree,2009,2014,Egegik,1_3,488.70449355940804,1764.92840051651
boost_tree,2009,2014,Ugashik,1_3,317.077895304194,1265.0611996650696
boost_tree,2010,2015,Igushik,1_3,1132.84511906157,1327.5110721588135
boost_tree,2010,2015,Wood,1_3,1989.18394826046,2952.1578550338745
boost_tree,2010,2015,Nushagak,1_3,2223.15268351992,1684.2737793922424
boost_tree,2010,2015,Kvichak,1_3,5545.19985246301,2369.765341281891
boost_tree,2010,2015,Naknek,1_3,2291.46876796817,2321.8709230422974
boost_tree,2010,2015,Egegik,1_3,671.7059064685909,1038.810908794403
boost_tree,2010,2015,Ugashik,1_3,790.183524881795,1706.3412070274353
boost_tree,2011,2016,Igushik,1_3,1460.18756497842,897.0463275909424
boost_tree,2011,2016,Wood,1_3,2859.73674639226,2787.1939539909363
boost_tree,2011,2016,Nushagak,1_3,2060.68174574473,2292.4822568893433
boost_tree,2011,2016,Kvichak,1_3,2168.99919073739,2671.53263092041
boost_tree,2011,2016,Naknek,1_3,1311.12943620946,3607.3291301727295
boost_tree,2011,2016,Egegik,1_3,1095.74023201025,1131.4967274665833
boost_tree,2011,2016,Ugashik,1_3,2087.48178283184,2097.787857055664
boost_tree,2012,2017,Igushik,1_3,312.467766126239,1930.411458015442
boost_tree,2012,2017,Wood,1_3,1384.22579766987,2972.034215927124
boost_tree,2012,2017,Nushagak,1_3,4407.85951753084,2486.8839979171753
boost_tree,2012,2017,Kvichak,1_3,2635.00348041849,2739.437520503998
boost_tree,2012,2017,Naknek,1_3,2012.81404076256,3248.301148414612
boost_tree,2012,2017,Egegik,1_3,1278.33131161235,2539.0732288360596
boost_tree,2012,2017,Ugashik,1_3,1582.99073727334,1972.21040725708
boost_tree,2013,2018,Igushik,1_3,1180.87685456537,1551.1229634284973
boost_tree,2013,2018,Wood,1_3,2368.58076887782,3017.4002051353455
boost_tree,2013,2018,Nushagak,1_3,8286.00033156285,2837.625741958618
boost_tree,2013,2018,Kvichak,1_3,2789.2732996277095,3552.8331995010376
boost_tree,2013,2018,Naknek,1_3,3315.11419779743,3218.322992324829
boost_tree,2013,2018,Egegik,1_3,1945.68054396391,2309.309244155884
boost_tree,2013,2018,Ugashik,1_3,2008.4506129874403,2806.6465258598328
boost_tree,2014,2019,Igushik,1_3,1110.79227293715,1701.2083530426025
boost_tree,2014,2019,Wood,1_3,3789.79977220408,3755.0345063209534
boost_tree,2014,2019,Nushagak,1_3,3629.9583411278504,3518.1093215942383
boost_tree,2014,2019,Kvichak,1_3,2065.40691275077,2035.5212688446045
boost_tree,2014,2019,Naknek,1_3,3153.39817056381,2680.80472946167
boost_tree,2014,2019,Egegik,1_3,2005.62824700751,2165.3252840042114
boost_tree,2014,2019,Ugashik,1_3,1576.31748850496,2166.2187576293945
boost_tree,1994,2000,Igushik,2_3,16.9204750836216,0
boost_tree,1994,2000,Wood,2_3,99.1160223541334,0
boost_tree,1994,2000,Nushagak,2_3,34.2687231677444,0
boost_tree,1994,2000,Kvichak,2_3,247.104976104451,471.3454842567444
boost_tree,1994,2000,Naknek,2_3,376.373315808193,1042.1255230903625
boost_tree,1994,2000,Egegik,2_3,3299.2757499865806,2595.7709550857544
boost_tree,1994,2000,Ugashik,2_3,168.38680697804904,1537.5712513923645
boost_tree,1995,2001,Igushik,2_3,8.44629844349383,33.08206796646118
boost_tree,1995,2001,Wood,2_3,40.7420057361275,123.24362993240356
boost_tree,1995,2001,Nushagak,2_3,7.1985385994329,166.31722450256348
boost_tree,1995,2001,Kvichak,2_3,96.80176258415932,1183.459758758545
boost_tree,1995,2001,Naknek,2_3,172.127945770709,820.5780386924744
boost_tree,1995,2001,Egegik,2_3,1539.47247498478,2482.2351336479187
boost_tree,1995,2001,Ugashik,2_3,63.0236444618099,787.85240650177
boost_tree,1996,2002,Igushik,2_3,5.3439703450639,567.1662092208862
boost_tree,1996,2002,Wood,2_3,17.3228482528966,832.2808146476746
boost_tree,1996,2002,Nushagak,2_3,10.3980178138945,551.9276857376099
boost_tree,1996,2002,Kvichak,2_3,27.6557467201827,2022.4151015281677
boost_tree,1996,2002,Naknek,2_3,379.239654670222,2020.953893661499
boost_tree,1996,2002,Egegik,2_3,1749.16538584548,2212.8888964653015
boost_tree,1996,2002,Ugashik,2_3,9.00842762022473,1199.912428855896
boost_tree,1997,2003,Igushik,2_3,33.1714824104477,25.8752703666687
boost_tree,1997,2003,Wood,2_3,227.69922947451798,75.92320442199707
boost_tree,1997,2003,Nushagak,2_3,49.2961695587795,41.35429859161377
boost_tree,1997,2003,Kvichak,2_3,173.308595552569,499.02617931365967
boost_tree,1997,2003,Naknek,2_3,1604.68652323755,500.5776882171631
boost_tree,1997,2003,Egegik,2_3,2069.38609230245,1075.463593006134
boost_tree,1997,2003,Ugashik,2_3,418.90761056524497,334.2154622077942
boost_tree,1998,2004,Igushik,2_3,7.52051287614494,0
boost_tree,1998,2004,Wood,2_3,134.873617112508,0
boost_tree,1998,2004,Nushagak,2_3,57.380119598820194,0
boost_tree,1998,2004,Kvichak,2_3,93.557871162218,0
boost_tree,1998,2004,Naknek,2_3,742.515124872867,389.0231251716614
boost_tree,1998,2004,Egegik,2_3,654.085904384866,962.1340036392212
boost_tree,1998,2004,Ugashik,2_3,234.998492376876,876.2356638908386
boost_tree,1999,2005,Igushik,2_3,96.3363790393421,488.0008101463318
boost_tree,1999,2005,Wood,2_3,309.514197566259,656.7272543907166
boost_tree,1999,2005,Nushagak,2_3,34.2363291621872,464.34372663497925
boost_tree,1999,2005,Kvichak,2_3,208.249328913572,1129.5101046562195
boost_tree,1999,2005,Naknek,2_3,927.938727174682,1649.5683789253235
boost_tree,1999,2005,Egegik,2_3,3035.60231866861,1641.4713859558105
boost_tree,1999,2005,Ugashik,2_3,289.264453866693,912.0947122573853
boost_tree,2000,2006,Igushik,2_3,38.1681560257532,92.82588958740234
boost_tree,2000,2006,Wood,2_3,550.290435233913,133.46999883651733
boost_tree,2000,2006,Nushagak,2_3,13.6395219661207,107.81198740005493
boost_tree,2000,2006,Kvichak,2_3,367.25934656509395,304.40181493759155
boost_tree,2000,2006,Naknek,2_3,454.432117698953,638.3007764816284
boost_tree,2000,2006,Egegik,2_3,4647.48075583796,843.2745933532715
boost_tree,2000,2006,Ugashik,2_3,74.2273236697061,193.0442452430725
boost_tree,2001,2007,Igushik,2_3,4.36048612137021,0
boost_tree,2001,2007,Wood,2_3,62.043871467434506,0
boost_tree,2001,2007,Nushagak,2_3,24.2098880194185,0
boost_tree,2001,2007,Kvichak,2_3,901.13075954439,281.1095118522644
boost_tree,2001,2007,Naknek,2_3,761.3116306243769,277.8169512748718
boost_tree,2001,2007,Egegik,2_3,2059.10214848678,1392.0795917510986
boost_tree,2001,2007,Ugashik,2_3,160.042241244815,94.0924882888794
boost_tree,2002,2008,Igushik,2_3,11.80792863409,138.3352279663086
boost_tree,2002,2008,Wood,2_3,41.83667307914261,177.22994089126587
boost_tree,2002,2008,Nushagak,2_3,9.868025072486299,142.58414506912231
boost_tree,2002,2008,Kvichak,2_3,10.2458523434658,638.5058164596558
boost_tree,2002,2008,Naknek,2_3,209.174522460564,767.2843337059021
boost_tree,2002,2008,Egegik,2_3,511.46178176445,2154.3705463409424
boost_tree,2002,2008,Ugashik,2_3,26.1678613813907,205.87623119354248
boost_tree,2003,2009,Igushik,2_3,38.9272861344,69.92369890213013
boost_tree,2003,2009,Wood,2_3,87.03196137185772,370.79304456710815
boost_tree,2003,2009,Nushagak,2_3,22.2604614585726,147.19098806381226
boost_tree,2003,2009,Kvichak,2_3,129.764410910465,646.6415524482727
boost_tree,2003,2009,Naknek,2_3,615.269014273872,739.5663857460022
boost_tree,2003,2009,Egegik,2_3,2245.89578168719,869.5128560066223
boost_tree,2003,2009,Ugashik,2_3,61.1311670432472,731.8782806396484
boost_tree,2004,2010,Igushik,2_3,18.6500163059104,76.29930973052979
boost_tree,2004,2010,Wood,2_3,137.251199610012,211.66235208511353
boost_tree,2004,2010,Nushagak,2_3,15.4943821775733,121.58870697021484
boost_tree,2004,2010,Kvichak,2_3,554.818667309667,571.1406469345093
boost_tree,2004,2010,Naknek,2_3,665.4543807878489,1107.119619846344
boost_tree,2004,2010,Egegik,2_3,1767.62719960324,1973.4126329421997
boost_tree,2004,2010,Ugashik,2_3,363.068508202989,580.0536274909973
boost_tree,2005,2011,Igushik,2_3,51.68282673106509,136.1924409866333
boost_tree,2005,2011,Wood,2_3,95.4628126883417,551.7938733100891
boost_tree,2005,2011,Nushagak,2_3,20.9129841946361,46.41801118850708
boost_tree,2005,2011,Kvichak,2_3,1754.06095432576,491.97137355804443
boost_tree,2005,2011,Naknek,2_3,947.784836860407,909.0080857276917
boost_tree,2005,2011,Egegik,2_3,2550.95298487324,1590.5159711837769
boost_tree,2005,2011,Ugashik,2_3,887.5360485279629,394.5416212081909
boost_tree,2006,2012,Igushik,2_3,13.2177203780818,143.90140771865845
boost_tree,2006,2012,Wood,2_3,52.9344373880398,601.3178825378418
boost_tree,2006,2012,Nushagak,2_3,7.38968115603746,197.6257562637329
boost_tree,2006,2012,Kvichak,2_3,746.6411558108051,751.1061429977417
boost_tree,2006,2012,Naknek,2_3,498.856764235601,766.5857672691345
boost_tree,2006,2012,Egegik,2_3,1369.94471907396,3554.406762123108
boost_tree,2006,2012,Ugashik,2_3,223.140633232795,491.15270376205444
boost_tree,2007,2013,Igushik,2_3,7.949201949321049,171.1958646774292
boost_tree,2007,2013,Wood,2_3,34.600431986015,160.77309846878052
boost_tree,2007,2013,Nushagak,2_3,6.50840004737589,0
boost_tree,2007,2013,Kvichak,2_3,2379.81821784847,1551.0410070419312
boost_tree,2007,2013,Naknek,2_3,524.055419475191,1036.8692874908447
boost_tree,2007,2013,Egegik,2_3,2456.69107323318,2780.367136001587
boost_tree,2007,2013,Ugashik,2_3,180.50704752353,208.33581686019897
boost_tree,2008,2014,Igushik,2_3,56.7102555111645,95.14838457107544
boost_tree,2008,2014,Wood,2_3,67.1221213292229,145.05267143249512
boost_tree,2008,2014,Nushagak,2_3,12.2788895372639,103.5657525062561
boost_tree,2008,2014,Kvichak,2_3,679.004806919261,395.0846195220947
boost_tree,2008,2014,Naknek,2_3,688.520908072667,395.0846195220947
boost_tree,2008,2014,Egegik,2_3,943.044146816181,526.7706513404846
boost_tree,2008,2014,Ugashik,2_3,39.8601834575994,319.463312625885
boost_tree,2009,2015,Igushik,2_3,1.80462545729521,132.38757848739624
boost_tree,2009,2015,Wood,2_3,68.0157516095839,260.4937553405762
boost_tree,2009,2015,Nushagak,2_3,3.32235556855384e-12,107.68622159957886
boost_tree,2009,2015,Kvichak,2_3,1396.25352636,627.579391002655
boost_tree,2009,2015,Naknek,2_3,157.957613456246,881.9141983985901
boost_tree,2009,2015,Egegik,2_3,785.9115492176832,1578.8039565086365
boost_tree,2009,2015,Ugashik,2_3,132.478299870634,357.816219329834
boost_tree,2010,2016,Igushik,2_3,13.439103545231202,318.4059262275696
boost_tree,2010,2016,Wood,2_3,58.4214614774472,461.4967107772827
boost_tree,2010,2016,Nushagak,2_3,3.71736967449309,197.96043634414673
boost_tree,2010,2016,Kvichak,2_3,851.679142034512,1516.9921517372131
boost_tree,2010,2016,Naknek,2_3,399.926542961783,1182.723343372345
boost_tree,2010,2016,Egegik,2_3,2345.5837658858,2232.418656349182
boost_tree,2010,2016,Ugashik,2_3,283.973005944019,1060.6858134269714
boost_tree,2011,2017,Igushik,2_3,3.08811756092064,0
boost_tree,2011,2017,Wood,2_3,1.09920440026861,13.88460397720337
boost_tree,2011,2017,Nushagak,2_3,36.7305802347759,0
boost_tree,2011,2017,Kvichak,2_3,491.949802593286,2280.517816543579
boost_tree,2011,2017,Naknek,2_3,571.249201549187,1249.6322393417358
boost_tree,2011,2017,Egegik,2_3,3275.00922786268,2887.456715106964
boost_tree,2011,2017,Ugashik,2_3,495.528200464084,1227.9969453811646
boost_tree,2012,2018,Igushik,2_3,3.62428190870753e-12,204.2868733406067
boost_tree,2012,2018,Wood,2_3,3.09127536470351e-11,304.88938093185425
boost_tree,2012,2018,Nushagak,2_3,97.0892492332555,252.26205587387085
boost_tree,2012,2018,Kvichak,2_3,143.170052572357,1143.9451575279236
boost_tree,2012,2018,Naknek,2_3,369.747764675896,836.3857865333557
boost_tree,2012,2018,Egegik,2_3,1137.5663578491,1304.5898079872131
boost_tree,2012,2018,Ugashik,2_3,84.3320999594328,519.5090174674988
boost_tree,2013,2019,Igushik,2_3,3.2098500674961703,12.774169445037842
boost_tree,2013,2019,Wood,2_3,52.0201116582839,39.12597894668579
boost_tree,2013,2019,Nushagak,2_3,59.6092442075716,34.54446792602539
boost_tree,2013,2019,Kvichak,2_3,32.085401076973,1125.9132623672485
boost_tree,2013,2019,Naknek,2_3,157.68242376444604,247.71243333816528
boost_tree,2013,2019,Egegik,2_3,495.626208059176,1508.4359049797058
boost_tree,2013,2019,Ugashik,2_3,31.7602755536531,135.10972261428833
