model,brood_year,return_year,system,age_group,observed_returns,predicted_returns
multiview,1996,2000,Togiak,1_2,87,125.83171
multiview,1997,2001,Togiak,1_2,43,57.03752751
multiview,1998,2002,Togiak,1_2,54,52.39118763
multiview,1999,2003,Togiak,1_2,137,115.5362243
multiview,2000,2004,Togiak,1_2,87,53.69906802
multiview,2001,2005,Togiak,1_2,63,177.5890665
multiview,2002,2006,Togiak,1_2,241,126.8773295
multiview,2003,2007,Togiak,1_2,245,192.1948413
multiview,2004,2008,Togiak,1_2,109,179.515294
multiview,2005,2009,Togiak,1_2,302,114.392929
multiview,2006,2010,Togiak,1_2,261,164.2145864
multiview,2007,2011,Togiak,1_2,164,100.2203813
multiview,1995,2000,Togiak,1_3,1010,615.8154174
multiview,1996,2001,Togiak,1_3,987,320.9054827
multiview,1997,2002,Togiak,1_3,305,103.1239687
multiview,1998,2003,Togiak,1_3,633,272.9519154
multiview,1999,2004,Togiak,1_3,290,476.7037916
multiview,2000,2005,Togiak,1_3,318,328.9381068
multiview,2001,2006,Togiak,1_3,410,468.7182099
multiview,2002,2007,Togiak,1_3,727,476.9571998
multiview,2003,2008,Togiak,1_3,744,581.6244229
multiview,2004,2009,Togiak,1_3,483,404.3775406
multiview,2005,2010,Togiak,1_3,372,491.2331859
multiview,2006,2011,Togiak,1_3,618,570.7428823
multiview,1995,2000,Togiak,2_2,11,30.50659214
multiview,1996,2001,Togiak,2_2,4,10.82617337
multiview,1997,2002,Togiak,2_2,16,31.04616848
multiview,1998,2003,Togiak,2_2,24,23.81202001
multiview,1999,2004,Togiak,2_2,29,28.91307622
multiview,2000,2005,Togiak,2_2,141,26.66872175
multiview,2001,2006,Togiak,2_2,90,80.57534618
multiview,2002,2007,Togiak,2_2,25,23.70584838
multiview,2003,2008,Togiak,2_2,8,51.32084202
multiview,2004,2009,Togiak,2_2,47,20.02023903
multiview,2005,2010,Togiak,2_2,65,45.73688499
multiview,2006,2011,Togiak,2_2,45,65.37685781
multiview,1994,2000,Togiak,2_3,8,29.19448759
multiview,1995,2001,Togiak,2_3,66,48.81760034
multiview,1996,2002,Togiak,2_3,21,16.0779169
multiview,1997,2003,Togiak,2_3,87,18.04226584
multiview,1998,2004,Togiak,2_3,91,42.12761271
multiview,1999,2005,Togiak,2_3,50,60.19280906
multiview,2000,2006,Togiak,2_3,152,49.64792214
multiview,2001,2007,Togiak,2_3,62,77.04104989
multiview,2002,2008,Togiak,2_3,19,43.60086801
multiview,2003,2009,Togiak,2_3,13,34.92623168
multiview,2004,2010,Togiak,2_3,40,37.86196956
multiview,2005,2011,Togiak,2_3,32,33.03323308
multiview,1994,2000,Igushik,2_3,16.92047508,18.53066789
multiview,1995,2000,Igushik,1_3,881.2559141,468.6107807
multiview,1995,2000,Igushik,2_2,6.531078913,141.143934
multiview,1995,2001,Igushik,2_3,8.446298443,31.55404112
multiview,1996,2000,Igushik,1_2,77.03189642,200.7466452
multiview,1996,2001,Igushik,1_3,800.3929886,928.4833354
multiview,1996,2001,Igushik,2_2,0.807341147,7.689465409
multiview,1996,2002,Igushik,2_3,5.343970345,6.912339305
multiview,1997,2001,Igushik,1_2,1.926561809,74.03649433
multiview,1997,2002,Igushik,1_3,51.66832987,615.7275147
multiview,1997,2002,Igushik,2_2,9.522011879,10.88969588
multiview,1997,2003,Igushik,2_3,33.17148241,10.66347783
multiview,1998,2002,Igushik,1_2,130.3624573,256.2944785
multiview,1998,2003,Igushik,1_3,393.2661094,189.1242669
multiview,1998,2003,Igushik,2_2,2.906789674,9.724513562
multiview,1998,2004,Igushik,2_3,7.520512876,19.78255626
multiview,1999,2003,Igushik,1_2,60.85242568,62.92700822
multiview,1999,2004,Igushik,1_3,146.8399681,510.2850244
multiview,1999,2004,Igushik,2_2,58.39246371,85.16025778
multiview,1999,2005,Igushik,2_3,96.33637904,26.07796752
multiview,2000,2004,Igushik,1_2,53.30266828,189.7876433
multiview,2000,2005,Igushik,1_3,660.5463415,200.3551704
multiview,2000,2005,Igushik,2_2,12.37729043,22.50721992
multiview,2000,2006,Igushik,2_3,38.16815603,22.62787468
multiview,2001,2005,Igushik,1_2,31.82731825,49.01423384
multiview,2001,2006,Igushik,1_3,442.8196345,702.7605386
multiview,2001,2006,Igushik,2_2,7.801618104,22.12105264
multiview,2001,2007,Igushik,2_3,4.360486121,24.17601692
multiview,2002,2006,Igushik,1_2,235.1723272,71.68610169
multiview,2002,2007,Igushik,1_3,202.3134683,147.5214385
multiview,2002,2007,Igushik,2_2,40.56843553,11.03870522
multiview,2002,2008,Igushik,2_3,11.80792863,25.9842486
multiview,2003,2007,Igushik,1_2,772.5298751,309.4601764
multiview,2003,2008,Igushik,1_3,1273.529147,446.6759809
multiview,2003,2008,Igushik,2_2,2.01644191,51.64120865
multiview,2003,2009,Igushik,2_3,38.92728613,10.4131002
multiview,2004,2008,Igushik,1_2,596.2064229,303.2049619
multiview,2004,2009,Igushik,1_3,1202.309416,683.7651456
multiview,2004,2009,Igushik,2_2,16.99924444,84.48171157
multiview,2004,2010,Igushik,2_3,18.65001631,8.381999883
multiview,2005,2009,Igushik,1_2,326.356128,56.85803894
multiview,2005,2010,Igushik,1_3,1169.822407,948.3573277
multiview,2005,2010,Igushik,2_2,28.67386637,5.561020185
multiview,2005,2011,Igushik,2_3,51.68282673,17.70088039
multiview,2006,2010,Igushik,1_2,187.9790778,204.6871227
multiview,2006,2011,Igushik,1_3,782.3025494,1136.300308
multiview,2006,2011,Igushik,2_2,18.50121688,14.59802575
multiview,2006,2012,Igushik,2_3,13.21772038,43.88188346
multiview,2007,2011,Igushik,1_2,160.6421455,79.29170683
multiview,2007,2012,Igushik,1_3,422.8332094,691.8427701
multiview,2007,2012,Igushik,2_2,16.12805769,14.40906841
multiview,2007,2013,Igushik,2_3,7.949201949,20.44279149
multiview,2008,2012,Igushik,1_2,52.67192935,108.6626015
multiview,2008,2013,Igushik,1_3,513.077367,298.0988483
multiview,2008,2013,Igushik,2_2,38.39744312,12.52509823
multiview,2008,2014,Igushik,2_3,56.71025551,39.7956849
multiview,2009,2013,Igushik,1_2,132.0915076,82.33860163
multiview,2009,2014,Igushik,1_3,751.758266,365.3724603
multiview,2009,2014,Igushik,2_2,56.11274478,18.62749471
multiview,2009,2015,Igushik,2_3,1.804625457,15.15439978
multiview,2010,2014,Igushik,1_2,567.6088595,297.5412831
multiview,2010,2015,Igushik,1_3,1132.845119,604.0081168
multiview,2010,2015,Igushik,2_2,0.500258413,27.97479103
multiview,2010,2016,Igushik,2_3,13.43910355,15.37522839
multiview,2011,2015,Igushik,1_2,507.8399012,91.40482018
multiview,2011,2016,Igushik,1_3,1460.187565,1112.483142
multiview,2011,2016,Igushik,2_2,11.16458684,95.78690217
multiview,2011,2017,Igushik,2_3,3.088117561,28.92743344
multiview,2012,2016,Igushik,1_2,364.1118822,200.8061072
multiview,2012,2017,Igushik,1_3,312.4677661,912.1382258
multiview,2012,2017,Igushik,2_2,4.050314015,23.58014287
multiview,2012,2018,Igushik,2_3,3.64E-12,9.95951302
multiview,2013,2017,Igushik,1_2,906.9129739,284.8853685
multiview,2013,2018,Igushik,1_3,1180.877041,1049.598815
multiview,2013,2018,Igushik,2_2,0.678267914,16.97815289
multiview,2013,2019,Igushik,2_3,3.254473827,21.53576017
multiview,2014,2018,Igushik,1_2,734.9039201,261.5565594
multiview,2014,2019,Igushik,1_3,1115.187106,1288.940836
multiview,2014,2019,Igushik,2_2,5.345267451,47.44477468
multiview,2015,2019,Igushik,1_2,233.249005,301.2393275
multiview,1994,2000,Wood,2_3,99.11602235,128.9442899
multiview,1995,2000,Wood,1_3,3217.087028,2443.165177
multiview,1995,2000,Wood,2_2,117.3980648,390.5181912
multiview,1995,2001,Wood,2_3,40.74200574,143.2423158
multiview,1996,2000,Wood,1_2,3104.643303,2547.790401
multiview,1996,2001,Wood,1_3,4383.745447,2643.739769
multiview,1996,2001,Wood,2_2,2.900449843,137.6817167
multiview,1996,2002,Wood,2_3,17.32284825,118.3356796
multiview,1997,2001,Wood,1_2,204.6151718,1423.826184
multiview,1997,2002,Wood,1_3,584.4270465,1694.850979
multiview,1997,2002,Wood,2_2,194.8363914,125.9718937
multiview,1997,2003,Wood,2_3,227.6992295,167.4904597
multiview,1998,2002,Wood,1_2,3038.333543,2357.629844
multiview,1998,2003,Wood,1_3,3535.682354,2866.584942
multiview,1998,2003,Wood,2_2,148.0167581,147.1693589
multiview,1998,2004,Wood,2_3,134.8736171,61.03674673
multiview,1999,2003,Wood,1_2,2291.69964,2897.053869
multiview,1999,2004,Wood,1_3,2609.475413,1989.780484
multiview,1999,2004,Wood,2_2,399.8673348,345.9045539
multiview,1999,2005,Wood,2_3,309.5141976,141.8537511
multiview,2000,2004,Wood,1_2,3280.676029,2441.91449
multiview,2000,2005,Wood,1_3,3230.094221,3587.8719
multiview,2000,2005,Wood,2_2,112.7477883,150.9841637
multiview,2000,2006,Wood,2_3,550.2904352,41.20898424
multiview,2001,2005,Wood,1_2,2176.259137,2925.378024
multiview,2001,2006,Wood,1_3,5495.801179,3027.635035
multiview,2001,2006,Wood,2_2,562.7021405,305.0482814
multiview,2001,2007,Wood,2_3,62.04387147,148.2614085
multiview,2002,2006,Wood,1_2,5937.283884,2732.450043
multiview,2002,2007,Wood,1_3,2121.062956,3625.573097
multiview,2002,2007,Wood,2_2,236.5445006,143.4946967
multiview,2002,2008,Wood,2_3,41.83667308,210.2758845
multiview,2003,2007,Wood,1_2,5350.245612,3156.222032
multiview,2003,2008,Wood,1_3,2810.307868,3639.239699
multiview,2003,2008,Wood,2_2,37.74149696,148.2618409
multiview,2003,2009,Wood,2_3,87.03196137,123.3044314
multiview,2004,2008,Wood,1_2,3912.8841,2528.962424
multiview,2004,2009,Wood,1_3,3867.602648,3621.840247
multiview,2004,2009,Wood,2_2,112.868387,255.7612363
multiview,2004,2010,Wood,2_3,137.2511996,270.8542478
multiview,2005,2009,Wood,1_2,2515.742977,2365.06671
multiview,2005,2010,Wood,1_3,3860.0793,4268.160826
multiview,2005,2010,Wood,2_2,235.8713531,90.31416087
multiview,2005,2011,Wood,2_3,95.46281269,131.2853318
multiview,2006,2010,Wood,1_2,4545.899601,3483.201783
multiview,2006,2011,Wood,1_3,3188.317584,3787.734987
multiview,2006,2011,Wood,2_2,185.8568109,140.3158896
multiview,2006,2012,Wood,2_3,52.93443739,40.94200278
multiview,2007,2011,Wood,1_2,1466.827176,2031.667064
multiview,2007,2012,Wood,1_3,1144.815844,2668.994523
multiview,2007,2012,Wood,2_2,175.4129027,175.1049246
multiview,2007,2013,Wood,2_3,34.60043199,99.64504943
multiview,2008,2012,Wood,1_2,1306.633211,2607.584821
multiview,2008,2013,Wood,1_3,1776.273497,1444.715989
multiview,2008,2013,Wood,2_2,47.79469378,172.1728156
multiview,2008,2014,Wood,2_3,67.12212133,53.92239384
multiview,2009,2013,Wood,1_2,1382.656349,810.8342608
multiview,2009,2014,Wood,1_3,2055.986672,1869.143634
multiview,2009,2014,Wood,2_2,208.9557512,20.78708475
multiview,2009,2015,Wood,2_3,68.01575161,110.2780895
multiview,2010,2014,Wood,1_2,4795.481319,1663.926598
multiview,2010,2015,Wood,1_3,1989.183948,3325.485367
multiview,2010,2015,Wood,2_2,214.8527247,180.1690501
multiview,2010,2016,Wood,2_3,58.42146148,62.72119475
multiview,2011,2015,Wood,1_2,2666.595225,3282.166454
multiview,2011,2016,Wood,1_3,2859.736746,2956.857543
multiview,2011,2016,Wood,2_2,105.6804513,268.3262975
multiview,2011,2017,Wood,2_3,1.0992044,112.7324042
multiview,2012,2016,Wood,1_2,3133.423097,1729.598369
multiview,2012,2017,Wood,1_3,1384.225798,3800.71501
multiview,2012,2017,Wood,2_2,56.37581188,202.5166756
multiview,2012,2018,Wood,2_3,3.09E-11,60.27317655
multiview,2013,2017,Wood,1_2,9677.409993,3634.51918
multiview,2013,2018,Wood,1_3,2368.581271,2395.061697
multiview,2013,2018,Wood,2_2,57.51686877,162.0998627
multiview,2013,2019,Wood,2_3,52.02996738,61.53015814
multiview,2014,2018,Wood,1_2,20246.49197,4123.973338
multiview,2014,2019,Wood,1_3,3790.598521,2429.844815
multiview,2014,2019,Wood,2_2,340.9400675,63.67898408
multiview,2015,2019,Wood,1_2,8064.807008,11321.72266
multiview,1994,2000,Nushagak,2_3,34.26872317,1.908370641
multiview,1995,2000,Nushagak,1_3,925.4488191,565.0508162
multiview,1995,2000,Nushagak,2_2,13.33838224,8.64E-12
multiview,1995,2001,Nushagak,2_3,7.198538599,7.855402064
multiview,1996,2000,Nushagak,1_2,363.7883909,42.31166038
multiview,1996,2001,Nushagak,1_3,1857.241286,711.4340675
multiview,1996,2001,Nushagak,2_2,4.811357861,5.09412864
multiview,1996,2002,Nushagak,2_3,10.39801781,5.935395172
multiview,1997,2001,Nushagak,1_2,37.57218941,81.62393902
multiview,1997,2002,Nushagak,1_3,423.1049055,520.4197431
multiview,1997,2002,Nushagak,2_2,4.075146171,101.9545668
multiview,1997,2003,Nushagak,2_3,49.29616956,11.31381896
multiview,1998,2002,Nushagak,1_2,154.9335932,256.500022
multiview,1998,2003,Nushagak,1_3,2237.868762,469.7460865
multiview,1998,2003,Nushagak,2_2,7.352299993,22.29756288
multiview,1998,2004,Nushagak,2_3,57.3801196,6.289758131
multiview,1999,2003,Nushagak,1_2,88.03056584,122.3990652
multiview,1999,2004,Nushagak,1_3,1540.402645,572.6782136
multiview,1999,2004,Nushagak,2_2,13.09787586,5.293843875
multiview,1999,2005,Nushagak,2_3,34.23632916,13.9664782
multiview,2000,2004,Nushagak,1_2,240.4853422,55.62744716
multiview,2000,2005,Nushagak,1_3,3299.219835,1295.173426
multiview,2000,2005,Nushagak,2_2,5.166520495,6.648886516
multiview,2000,2006,Nushagak,2_3,13.63952197,30.42274945
multiview,2001,2005,Nushagak,1_2,256.4053752,151.4147071
multiview,2001,2006,Nushagak,1_3,2113.325086,633.0416213
multiview,2001,2006,Nushagak,2_2,4.763344632,3.676264055
multiview,2001,2007,Nushagak,2_3,24.20988802,8.529939307
multiview,2002,2006,Nushagak,1_2,179.9490381,147.3155186
multiview,2002,2007,Nushagak,1_3,1763.507718,1645.798578
multiview,2002,2007,Nushagak,2_2,30.29310408,3.860942006
multiview,2002,2008,Nushagak,2_3,9.868025072,4.817611867
multiview,2003,2007,Nushagak,1_2,388.6182029,194.998128
multiview,2003,2008,Nushagak,1_3,1542.622007,1895.172475
multiview,2003,2008,Nushagak,2_2,1.14E-12,5.35014957
multiview,2003,2009,Nushagak,2_3,22.26046146,26.44996655
multiview,2004,2008,Nushagak,1_2,194.5908156,108.5491454
multiview,2004,2009,Nushagak,1_3,1474.123862,1996.324276
multiview,2004,2009,Nushagak,2_2,5.760264664,63.29659799
multiview,2004,2010,Nushagak,2_3,15.49438218,7.555205172
multiview,2005,2009,Nushagak,1_2,359.162589,163.5734645
multiview,2005,2010,Nushagak,1_3,975.3381963,1841.421139
multiview,2005,2010,Nushagak,2_2,8.747680633,1.281868567
multiview,2005,2011,Nushagak,2_3,20.91298419,6.932355363
multiview,2006,2010,Nushagak,1_2,104.7398474,277.9626322
multiview,2006,2011,Nushagak,1_3,1017.213646,559.6933273
multiview,2006,2011,Nushagak,2_2,5.282213902,5.429867433
multiview,2006,2012,Nushagak,2_3,7.389681156,23.9214897
multiview,2007,2011,Nushagak,1_2,30.8832396,40.91391909
multiview,2007,2012,Nushagak,1_3,750.2915287,660.4266288
multiview,2007,2012,Nushagak,2_2,2.33E-12,13.13700409
multiview,2007,2013,Nushagak,2_3,6.508400047,40.20801247
multiview,2008,2012,Nushagak,1_2,163.5533675,41.63506085
multiview,2008,2013,Nushagak,1_3,1834.254077,822.5182624
multiview,2008,2013,Nushagak,2_2,4.818235172,26.79284795
multiview,2008,2014,Nushagak,2_3,12.27888954,11.78654608
multiview,2009,2013,Nushagak,1_2,97.89726739,220.3363082
multiview,2009,2014,Nushagak,1_3,1139.868374,555.7375719
multiview,2009,2014,Nushagak,2_2,4.71267153,3.162395959
multiview,2009,2015,Nushagak,2_3,3.33E-12,19.00308725
multiview,2010,2014,Nushagak,1_2,203.0178328,141.5107951
multiview,2010,2015,Nushagak,1_3,2223.152684,1151.204662
multiview,2010,2015,Nushagak,2_2,2.100984507,12.39321148
multiview,2010,2016,Nushagak,2_3,3.717369674,5.179677541
multiview,2011,2015,Nushagak,1_2,206.7942972,134.2660385
multiview,2011,2016,Nushagak,1_3,2060.681746,946.3752461
multiview,2011,2016,Nushagak,2_2,3.339268838,4.023657944
multiview,2011,2017,Nushagak,2_3,36.73058023,3.663864428
multiview,2012,2016,Nushagak,1_2,486.2577202,287.5706
multiview,2012,2017,Nushagak,1_3,4407.859518,2003.549564
multiview,2012,2017,Nushagak,2_2,52.48221441,3.277560502
multiview,2012,2018,Nushagak,2_3,97.08927043,24.17871162
multiview,2013,2017,Nushagak,1_2,3586.57085,387.8509002
multiview,2013,2018,Nushagak,1_3,8286.002141,3649.677601
multiview,2013,2018,Nushagak,2_2,13.70171407,77.49396324
multiview,2013,2019,Nushagak,2_3,59.61688651,24.83423529
multiview,2014,2018,Nushagak,1_2,1124.540617,96.32911797
multiview,2014,2019,Nushagak,1_3,3630.434378,1874.474563
multiview,2014,2019,Nushagak,2_2,65.78694837,128.8910952
multiview,2015,2019,Nushagak,1_2,504.8798482,392.6432865
multiview,1994,2000,Kvichak,2_3,247.1049761,314.6250463
multiview,1995,2000,Kvichak,1_3,2098.055648,1565.703038
multiview,1995,2000,Kvichak,2_2,677.1330319,4389.298037
multiview,1995,2001,Kvichak,2_3,96.80176258,177.8081005
multiview,1996,2000,Kvichak,1_2,547.5559391,824.9150691
multiview,1996,2001,Kvichak,1_3,1651.817786,1324.065866
multiview,1996,2001,Kvichak,2_2,24.30242001,686.9413051
multiview,1996,2002,Kvichak,2_3,27.65574672,160.1598025
multiview,1997,2001,Kvichak,1_2,159.3647142,1281.660626
multiview,1997,2002,Kvichak,1_3,140.5158367,131.4251448
multiview,1997,2002,Kvichak,2_2,342.0169374,539.9887248
multiview,1997,2003,Kvichak,2_3,173.3085956,90.50902563
multiview,1998,2002,Kvichak,1_2,375.9422752,5511.036072
multiview,1998,2003,Kvichak,1_3,422.1871065,38.93142798
multiview,1998,2003,Kvichak,2_2,343.8191064,454.9379425
multiview,1998,2004,Kvichak,2_3,93.55787116,27.54302051
multiview,1999,2003,Kvichak,1_2,1010.4934,294.6808374
multiview,1999,2004,Kvichak,1_3,278.7818428,600.5430339
multiview,1999,2004,Kvichak,2_2,5815.77235,21919.82158
multiview,1999,2005,Kvichak,2_3,208.2493289,728.5215967
multiview,2000,2004,Kvichak,1_2,1884.651539,1294.426036
multiview,2000,2005,Kvichak,1_3,1264.567003,422.4053809
multiview,2000,2005,Kvichak,2_2,742.8429905,6509.543777
multiview,2000,2006,Kvichak,2_3,367.2593466,136.1774312
multiview,2001,2005,Kvichak,1_2,633.259027,365.7639835
multiview,2001,2006,Kvichak,1_3,2051.09847,1105.538913
multiview,2001,2006,Kvichak,2_2,819.6892133,3899.524233
multiview,2001,2007,Kvichak,2_3,901.1307595,342.3725688
multiview,2002,2006,Kvichak,1_2,2456.932187,9333.042901
multiview,2002,2007,Kvichak,1_3,1265.247024,972.9001533
multiview,2002,2007,Kvichak,2_2,142.4263044,151.3644563
multiview,2002,2008,Kvichak,2_3,10.24585234,548.9024483
multiview,2003,2007,Kvichak,1_2,3595.85401,3968.690084
multiview,2003,2008,Kvichak,1_3,1186.180507,1003.85873
multiview,2003,2008,Kvichak,2_2,31.38964187,289.4349485
multiview,2003,2009,Kvichak,2_3,129.7644109,441.2150681
multiview,2004,2008,Kvichak,1_2,4797.865436,10810.15434
multiview,2004,2009,Kvichak,1_3,2931.163799,1690.515726
multiview,2004,2009,Kvichak,2_2,2634.425854,592.2499377
multiview,2004,2010,Kvichak,2_3,554.8186673,514.2846382
multiview,2005,2009,Kvichak,1_2,1254.242555,8582.140955
multiview,2005,2010,Kvichak,1_3,2033.447412,606.678335
multiview,2005,2010,Kvichak,2_2,4527.247864,12002.57137
multiview,2005,2011,Kvichak,2_3,1754.060954,340.9987004
multiview,2006,2010,Kvichak,1_2,3663.815124,1713.210386
multiview,2006,2011,Kvichak,1_3,2701.99717,1324.9462
multiview,2006,2011,Kvichak,2_2,1197.114776,8021.696996
multiview,2006,2012,Kvichak,2_3,746.6411558,413.3166431
multiview,2007,2011,Kvichak,1_2,1542.519616,400.1548537
multiview,2007,2012,Kvichak,1_3,1852.364192,831.8483443
multiview,2007,2012,Kvichak,2_2,6972.782203,1402.701996
multiview,2007,2013,Kvichak,2_3,2379.818218,739.4083602
multiview,2008,2012,Kvichak,1_2,2679.1577,3183.184716
multiview,2008,2013,Kvichak,1_3,1930.84711,1201.184478
multiview,2008,2013,Kvichak,2_2,1247.527722,1730.577915
multiview,2008,2014,Kvichak,2_3,679.0048069,353.5363467
multiview,2009,2013,Kvichak,1_2,740.9466216,798.3774307
multiview,2009,2014,Kvichak,1_3,1001.604562,1057.83181
multiview,2009,2014,Kvichak,2_2,9725.831564,5682.721792
multiview,2009,2015,Kvichak,2_3,1396.253526,1577.601107
multiview,2010,2014,Kvichak,1_2,6053.033849,3286.909432
multiview,2010,2015,Kvichak,1_3,5545.199852,1961.145582
multiview,2010,2015,Kvichak,2_2,13231.07752,1677.042846
multiview,2010,2016,Kvichak,2_3,851.679142,728.748652
multiview,2011,2015,Kvichak,1_2,2846.208983,614.2226708
multiview,2011,2016,Kvichak,1_3,2168.999191,888.5367557
multiview,2011,2016,Kvichak,2_2,2573.729233,5452.951799
multiview,2011,2017,Kvichak,2_3,491.9498026,267.8151418
multiview,2012,2016,Kvichak,1_2,8590.9945,4009.568987
multiview,2012,2017,Kvichak,1_3,2635.00348,1698.759036
multiview,2012,2017,Kvichak,2_2,397.1528164,515.2454471
multiview,2012,2018,Kvichak,2_3,143.170081,116.8005488
multiview,2013,2017,Kvichak,1_2,3713.9312,3367.65539
multiview,2013,2018,Kvichak,1_3,2789.273853,1646.032051
multiview,2013,2018,Kvichak,2_2,38.26939043,215.9819129
multiview,2013,2019,Kvichak,2_3,32.24289814,91.06753393
multiview,2014,2018,Kvichak,1_2,4484.066151,651.6133636
multiview,2014,2019,Kvichak,1_3,2072.93009,2595.264386
multiview,2014,2019,Kvichak,2_2,71.80176127,170.7705474
multiview,2015,2019,Kvichak,1_2,5743.11817,3120.301522
multiview,1994,2000,Alagnak,2_3,259.8571408,28.31006918
multiview,1995,2000,Alagnak,1_3,1861.831561,924.7135758
multiview,1995,2000,Alagnak,2_2,1.922911696,45.80639294
multiview,1995,2001,Alagnak,2_3,3.421648479,285.0648063
multiview,1996,2000,Alagnak,1_2,40.38731041,608.9459455
multiview,1996,2001,Alagnak,1_3,1167.710216,675.9677293
multiview,1996,2001,Alagnak,2_2,1.162696085,248.8515784
multiview,1996,2002,Alagnak,2_3,7.234116909,26.81546842
multiview,1997,2001,Alagnak,1_2,1.871387032,45.98893593
multiview,1997,2002,Alagnak,1_3,625.8252959,648.0169772
multiview,1997,2002,Alagnak,2_2,85.37212845,26.37018349
multiview,1997,2003,Alagnak,2_3,620.197097,68.4218973
multiview,1998,2002,Alagnak,1_2,9.903014409,510.6070878
multiview,1998,2003,Alagnak,1_3,2422.10147,956.4863559
multiview,1998,2003,Alagnak,2_2,269.4350829,7.375922091
multiview,1998,2004,Alagnak,2_3,56.51999264,37.91978432
multiview,1999,2003,Alagnak,1_2,802.3087648,164.7378035
multiview,1999,2004,Alagnak,1_3,1213.002595,491.7960004
multiview,1999,2004,Alagnak,2_2,646.2253988,876.1548076
multiview,1999,2005,Alagnak,2_3,1053.967224,111.1772702
multiview,2000,2004,Alagnak,1_2,5559.666302,1513.301744
multiview,2000,2005,Alagnak,1_3,4007.25757,1555.061105
multiview,2000,2005,Alagnak,2_2,34.67147396,0.707639011
multiview,2000,2006,Alagnak,2_3,115.7804856,29.81232915
multiview,2001,2005,Alagnak,1_2,127.9147465,510.4169042
multiview,2001,2006,Alagnak,1_3,1366.722794,805.3927797
multiview,2001,2006,Alagnak,2_2,37.51664965,178.3579985
multiview,2001,2007,Alagnak,2_3,92.4097002,97.0043091
multiview,2002,2006,Alagnak,1_2,1774.631842,16.32910249
multiview,2002,2007,Alagnak,1_3,1836.23075,1294.886166
multiview,2002,2007,Alagnak,2_2,67.96043965,234.5305803
multiview,2002,2008,Alagnak,2_3,38.40593947,127.78658
multiview,2003,2007,Alagnak,1_2,2760.468649,445.7189175
multiview,2003,2008,Alagnak,1_3,3796.21702,1384.706157
multiview,2003,2008,Alagnak,2_2,5.379936355,14.81828005
multiview,2003,2009,Alagnak,2_3,21.43624851,30.49281868
multiview,2004,2008,Alagnak,1_2,860.4407943,35.1597852
multiview,2004,2009,Alagnak,1_3,1378.015368,1005.870742
multiview,2004,2009,Alagnak,2_2,109.7239876,533.4750544
multiview,2004,2010,Alagnak,2_3,148.3414502,200.9035723
multiview,2005,2009,Alagnak,1_2,741.7903126,261.5137722
multiview,2005,2010,Alagnak,1_3,1855.29739,1383.216024
multiview,2005,2010,Alagnak,2_2,127.5458105,429.9043316
multiview,2005,2011,Alagnak,2_3,108.0981586,87.66769944
multiview,2006,2010,Alagnak,1_2,666.8761427,1.992116364
multiview,2006,2011,Alagnak,1_3,1577.88243,819.6179595
multiview,2006,2011,Alagnak,2_2,54.79096021,101.0949528
multiview,2006,2012,Alagnak,2_3,138.1688702,100.6867601
multiview,2007,2011,Alagnak,1_2,500.4870254,377.2384513
multiview,2007,2012,Alagnak,1_3,1098.989776,1377.417031
multiview,2007,2012,Alagnak,2_2,481.3630138,111.8548536
multiview,2007,2013,Alagnak,2_3,126.1861299,301.0309954
multiview,2008,2012,Alagnak,1_2,506.8053336,453.3006386
multiview,2008,2013,Alagnak,1_3,1252.444663,893.5309016
multiview,2008,2013,Alagnak,2_2,89.65000077,605.9632915
multiview,2008,2014,Alagnak,2_3,70.43288561,221.2455518
multiview,2009,2013,Alagnak,1_2,460.9686975,13.85650699
multiview,2009,2014,Alagnak,1_3,692.6852332,1601.260374
multiview,2009,2014,Alagnak,2_2,117.5897014,117.6035446
multiview,2009,2015,Alagnak,2_3,132.400541,85.2181541
multiview,2010,2014,Alagnak,1_2,735.1004237,124.7996604
multiview,2010,2015,Alagnak,1_3,3183.142232,1467.856299
multiview,2010,2015,Alagnak,2_2,1800.911371,460.366109
multiview,2010,2016,Alagnak,2_3,766.6278123,59.70841135
multiview,2011,2015,Alagnak,1_2,3087.467584,222.2059586
multiview,2011,2016,Alagnak,1_3,2498.861497,2294.644357
multiview,2011,2016,Alagnak,2_2,533.352511,4.713348669
multiview,2011,2017,Alagnak,2_3,48.13098577,19.16837727
multiview,2012,2016,Alagnak,1_2,1123.765344,87.93159678
multiview,2012,2017,Alagnak,1_3,1614.660843,1630.60525
multiview,2012,2017,Alagnak,2_2,22.31066468,6.42E-10
multiview,2012,2018,Alagnak,2_3,17.18110598,86.54458772
multiview,2013,2017,Alagnak,1_2,2677.12072,3046.999804
multiview,2013,2018,Alagnak,1_3,1235.289754,2772.53445
multiview,2013,2018,Alagnak,2_2,3.197529829,202.6388293
multiview,2013,2019,Alagnak,2_3,9.521967042,31.21680241
multiview,2014,2018,Alagnak,1_2,1604.307418,1394.534093
multiview,2014,2019,Alagnak,1_3,586.5907187,2402.127748
multiview,2014,2019,Alagnak,2_2,24.20411063,280.5637445
multiview,2015,2019,Alagnak,1_2,1230.18621,50.39954898
multiview,1994,2000,Naknek,2_3,376.3733158,687.0023677
multiview,1995,2000,Naknek,1_3,3130.745328,3498.89666
multiview,1995,2000,Naknek,2_2,117.7539995,884.1178054
multiview,1995,2001,Naknek,2_3,172.1279458,406.1217136
multiview,1996,2000,Naknek,1_2,340.6345661,716.0774287
multiview,1996,2001,Naknek,1_3,5591.154338,1055.357377
multiview,1996,2001,Naknek,2_2,49.65419153,295.6667541
multiview,1996,2002,Naknek,2_3,379.2396547,282.0889864
multiview,1997,2001,Naknek,1_2,97.47149744,433.4413091
multiview,1997,2002,Naknek,1_3,899.6355403,655.3418078
multiview,1997,2002,Naknek,2_2,825.4998761,283.6644008
multiview,1997,2003,Naknek,2_3,1604.686523,643.5056694
multiview,1998,2002,Naknek,1_2,595.6423003,132.4172197
multiview,1998,2003,Naknek,1_3,1957.153532,1061.834677
multiview,1998,2003,Naknek,2_2,553.80485,870.8549156
multiview,1998,2004,Naknek,2_3,742.5151249,267.4427608
multiview,1999,2003,Naknek,1_2,713.0598748,776.8917296
multiview,1999,2004,Naknek,1_3,1388.578777,766.1050277
multiview,1999,2004,Naknek,2_2,707.9623108,883.1702173
multiview,1999,2005,Naknek,2_3,927.9387272,659.4916238
multiview,2000,2004,Naknek,1_2,1207.020659,499.727779
multiview,2000,2005,Naknek,1_3,6824.908778,1485.954548
multiview,2000,2005,Naknek,2_2,453.8969017,1323.232904
multiview,2000,2006,Naknek,2_3,454.4321177,347.1182748
multiview,2001,2005,Naknek,1_2,484.2333553,867.9197599
multiview,2001,2006,Naknek,1_3,2926.493297,1481.951146
multiview,2001,2006,Naknek,2_2,396.2393882,625.41804
multiview,2001,2007,Naknek,2_3,761.3116306,588.660139
multiview,2002,2006,Naknek,1_2,1471.105544,314.6416891
multiview,2002,2007,Naknek,1_3,3683.675678,2865.605469
multiview,2002,2007,Naknek,2_2,250.6884399,301.0699559
multiview,2002,2008,Naknek,2_3,209.1745225,700.8745786
multiview,2003,2007,Naknek,1_2,3692.037193,755.6258482
multiview,2003,2008,Naknek,1_3,7547.535384,4258.855475
multiview,2003,2008,Naknek,2_2,247.10865,576.2836484
multiview,2003,2009,Naknek,2_3,615.2690143,457.3143575
multiview,2004,2008,Naknek,1_2,986.6137385,1218.238027
multiview,2004,2009,Naknek,1_3,1652.172792,3494.118319
multiview,2004,2009,Naknek,2_2,979.0631916,554.0916528
multiview,2004,2010,Naknek,2_3,665.4543808,713.1081722
multiview,2005,2009,Naknek,1_2,1302.924771,735.2032114
multiview,2005,2010,Naknek,1_3,2255.79485,4419.551173
multiview,2005,2010,Naknek,2_2,801.4271879,779.855815
multiview,2005,2011,Naknek,2_3,947.7848369,497.2636072
multiview,2006,2010,Naknek,1_2,1657.238278,1045.459719
multiview,2006,2011,Naknek,1_3,1928.248118,2489.460949
multiview,2006,2011,Naknek,2_2,717.6710662,996.7567977
multiview,2006,2012,Naknek,2_3,498.8567642,842.7216296
multiview,2007,2011,Naknek,1_2,1861.894759,599.0848622
multiview,2007,2012,Naknek,1_3,1538.884904,1948.5089
multiview,2007,2012,Naknek,2_2,645.1058088,675.1453753
multiview,2007,2013,Naknek,2_3,524.0554195,530.5315553
multiview,2008,2012,Naknek,1_2,580.0280305,1220.159304
multiview,2008,2013,Naknek,1_3,1594.896058,2039.640588
multiview,2008,2013,Naknek,2_2,360.6627451,722.4514578
multiview,2008,2014,Naknek,2_3,688.5209081,356.6711457
multiview,2009,2013,Naknek,1_2,457.3701736,438.4365614
multiview,2009,2014,Naknek,1_3,889.419031,1167.729774
multiview,2009,2014,Naknek,2_2,396.3242503,423.5593522
multiview,2009,2015,Naknek,2_3,157.9576135,282.5600369
multiview,2010,2014,Naknek,1_2,3219.16699,737.6802887
multiview,2010,2015,Naknek,1_3,2291.468768,3321.674759
multiview,2010,2015,Naknek,2_2,1371.813924,327.2880854
multiview,2010,2016,Naknek,2_3,399.926543,583.1058717
multiview,2011,2015,Naknek,1_2,2215.846879,1413.403043
multiview,2011,2016,Naknek,1_3,1311.129436,2884.094305
multiview,2011,2016,Naknek,2_2,864.0716338,542.3453298
multiview,2011,2017,Naknek,2_3,571.2492015,607.6449257
multiview,2012,2016,Naknek,1_2,2391.536698,682.2493185
multiview,2012,2017,Naknek,1_3,2012.814041,1579.270963
multiview,2012,2017,Naknek,2_2,616.5297099,485.4874946
multiview,2012,2018,Naknek,2_3,369.7478246,372.6657137
multiview,2013,2017,Naknek,1_2,2742.095407,1066.179184
multiview,2013,2018,Naknek,1_3,3315.114735,1672.23093
multiview,2013,2018,Naknek,2_2,228.3718163,714.236586
multiview,2013,2019,Naknek,2_3,157.8535,240.0953393
multiview,2014,2018,Naknek,1_2,2955.137996,1617.74461
multiview,2014,2019,Naknek,1_3,3159.370455,3895.538738
multiview,2014,2019,Naknek,2_2,240.5350232,422.9687892
multiview,2015,2019,Naknek,1_2,5261.676351,2773.932805
multiview,1994,2000,Egegik,2_3,3299.27575,1704.286097
multiview,1995,2000,Egegik,1_3,2696.123583,1600.987982
multiview,1995,2000,Egegik,2_2,1726.750275,1147.03507
multiview,1995,2001,Egegik,2_3,1539.472475,999.322489
multiview,1996,2000,Egegik,1_2,412.382558,630.6966514
multiview,1996,2001,Egegik,1_3,1386.366082,757.9471566
multiview,1996,2001,Egegik,2_2,542.5401817,6611.824026
multiview,1996,2002,Egegik,2_3,1749.165386,611.7164426
multiview,1997,2001,Egegik,1_2,17.16212618,342.1099946
multiview,1997,2002,Egegik,1_3,177.8547415,71.67314021
multiview,1997,2002,Egegik,2_2,3493.430969,3042.332696
multiview,1997,2003,Egegik,2_3,2069.386092,2177.850819
multiview,1998,2002,Egegik,1_2,20.33458667,229.7790424
multiview,1998,2003,Egegik,1_3,76.43363247,52.16536211
multiview,1998,2003,Egegik,2_2,490.761356,853.4204973
multiview,1998,2004,Egegik,2_3,654.0859044,435.9467043
multiview,1999,2003,Egegik,1_2,162.2998012,36.57756354
multiview,1999,2004,Egegik,1_3,395.9797761,260.3986026
multiview,1999,2004,Egegik,2_2,9206.993692,1713.758601
multiview,1999,2005,Egegik,2_3,3035.602319,2616.690802
multiview,2000,2004,Egegik,1_2,1302.461978,1561.128977
multiview,2000,2005,Egegik,1_3,2432.554434,1755.196046
multiview,2000,2005,Egegik,2_2,3546.271313,1536.881132
multiview,2000,2006,Egegik,2_3,4647.480756,2512.665687
multiview,2001,2005,Egegik,1_2,292.6558056,89.71749921
multiview,2001,2006,Egegik,1_3,797.1579169,1329.235226
multiview,2001,2006,Egegik,2_2,1585.95661,4239.54066
multiview,2001,2007,Egegik,2_3,2059.102148,1020.051825
multiview,2002,2006,Egegik,1_2,1450.971282,372.0260865
multiview,2002,2007,Egegik,1_3,2203.107667,1510.600333
multiview,2002,2007,Egegik,2_2,1050.682287,3008.427968
multiview,2002,2008,Egegik,2_3,511.4617818,1433.827075
multiview,2003,2007,Egegik,1_2,1984.95574,1745.744587
multiview,2003,2008,Egegik,1_3,2551.653843,1254.589113
multiview,2003,2008,Egegik,2_2,1926.40879,1801.46368
multiview,2003,2009,Egegik,2_3,2245.895782,1927.965264
multiview,2004,2008,Egegik,1_2,2788.977918,811.898861
multiview,2004,2009,Egegik,1_3,3459.265927,2803.725103
multiview,2004,2009,Egegik,2_2,6022.979239,3110.967612
multiview,2004,2010,Egegik,2_3,1767.6272,3164.816008
multiview,2005,2009,Egegik,1_2,470.7259129,270.5782877
multiview,2005,2010,Egegik,1_3,202.3292423,1801.294877
multiview,2005,2010,Egegik,2_2,2866.201437,3350.175354
multiview,2005,2011,Egegik,2_3,2550.952985,1148.730466
multiview,2006,2010,Egegik,1_2,144.9430238,1002.270646
multiview,2006,2011,Egegik,1_3,253.9358087,1253.983514
multiview,2006,2011,Egegik,2_2,1632.027244,2152.124954
multiview,2006,2012,Egegik,2_3,1369.944719,720.3059381
multiview,2007,2011,Egegik,1_2,53.08811786,848.1874157
multiview,2007,2012,Egegik,1_3,429.3033813,772.03404
multiview,2007,2012,Egegik,2_2,3376.161289,4444.524017
multiview,2007,2013,Egegik,2_3,2456.691073,1344.886246
multiview,2008,2012,Egegik,1_2,630.1330913,1523.442169
multiview,2008,2013,Egegik,1_3,1090.636511,406.2874289
multiview,2008,2013,Egegik,2_2,1104.563447,2195.296638
multiview,2008,2014,Egegik,2_3,943.0441468,894.2115599
multiview,2009,2013,Egegik,1_2,305.1570163,241.341254
multiview,2009,2014,Egegik,1_3,488.7044936,415.5041823
multiview,2009,2014,Egegik,2_2,2761.970781,5517.774749
multiview,2009,2015,Egegik,2_3,785.9115492,1654.825027
multiview,2010,2014,Egegik,1_2,537.3858921,1840.886288
multiview,2010,2015,Egegik,1_3,671.7059065,54.9292083
multiview,2010,2015,Egegik,2_2,5985.043563,2213.351098
multiview,2010,2016,Egegik,2_3,2345.583766,2304.266908
multiview,2011,2015,Egegik,1_2,444.7562709,331.9785284
multiview,2011,2016,Egegik,1_3,1095.740232,436.4683041
multiview,2011,2016,Egegik,2_2,3901.937637,2522.456921
multiview,2011,2017,Egegik,2_3,3275.009228,2249.778525
multiview,2012,2016,Egegik,1_2,1977.511298,1545.871997
multiview,2012,2017,Egegik,1_3,1278.331312,2946.229053
multiview,2012,2017,Egegik,2_2,4775.925407,2813.512654
multiview,2012,2018,Egegik,2_3,1137.5666,2943.101777
multiview,2013,2017,Egegik,1_2,2859.582091,593.2184109
multiview,2013,2018,Egegik,1_3,1945.680959,2030.255501
multiview,2013,2018,Egegik,2_2,467.7799452,4129.071438
multiview,2013,2019,Egegik,2_3,495.6888507,1407.248006
multiview,2014,2018,Egegik,1_2,2156.590673,2271.543633
multiview,2014,2019,Egegik,1_3,2005.941473,2631.34171
multiview,2014,2019,Egegik,2_2,1280.264215,2603.327012
multiview,2015,2019,Egegik,1_2,11553.43383,1891.028531
multiview,1994,2000,Ugashik,2_3,168.386807,165.8650841
multiview,1995,2000,Ugashik,1_3,1732.034862,988.6154216
multiview,1995,2000,Ugashik,2_2,130.2261051,682.6846022
multiview,1995,2001,Ugashik,2_3,63.02364446,134.7061483
multiview,1996,2000,Ugashik,1_2,260.6835649,809.8026563
multiview,1996,2001,Ugashik,1_3,1050.833302,527.0934551
multiview,1996,2001,Ugashik,2_2,31.80130422,331.4482287
multiview,1996,2002,Ugashik,2_3,9.00842762,97.82171161
multiview,1997,2001,Ugashik,1_2,283.8279538,2203.575809
multiview,1997,2002,Ugashik,1_3,647.8182023,208.1463127
multiview,1997,2002,Ugashik,2_2,1657.638042,418.4292159
multiview,1997,2003,Ugashik,2_3,418.9076106,1223.741006
multiview,1998,2002,Ugashik,1_2,179.0533049,32.15476449
multiview,1998,2003,Ugashik,1_3,302.2112945,247.8459728
multiview,1998,2003,Ugashik,2_2,524.7161921,481.405132
multiview,1998,2004,Ugashik,2_3,234.9984924,101.903988
multiview,1999,2003,Ugashik,1_2,1255.07523,112.6817385
multiview,1999,2004,Ugashik,1_3,907.8511474,518.7427667
multiview,1999,2004,Ugashik,2_2,1185.592037,1416.619382
multiview,1999,2005,Ugashik,2_3,289.2644539,383.1861393
multiview,2000,2004,Ugashik,1_2,1866.340353,1239.395002
multiview,2000,2005,Ugashik,1_3,2342.567066,1762.112902
multiview,2000,2005,Ugashik,2_2,44.27356231,2177.375871
multiview,2000,2006,Ugashik,2_3,74.22732367,76.33470566
multiview,2001,2005,Ugashik,1_2,399.2979054,400.1739971
multiview,2001,2006,Ugashik,1_3,1437.912088,1608.124002
multiview,2001,2006,Ugashik,2_2,130.8608116,266.6736908
multiview,2001,2007,Ugashik,2_3,160.0422412,108.7061466
multiview,2002,2006,Ugashik,1_2,2071.288972,1304.189894
multiview,2002,2007,Ugashik,1_3,2167.492851,1194.635501
multiview,2002,2007,Ugashik,2_2,305.593964,969.8964094
multiview,2002,2008,Ugashik,2_3,26.16786138,104.1083789
multiview,2003,2007,Ugashik,1_2,4701.77763,1217.219321
multiview,2003,2008,Ugashik,1_3,1532.345989,1520.236847
multiview,2003,2008,Ugashik,2_2,35.65736129,625.2444344
multiview,2003,2009,Ugashik,2_3,61.13116704,137.9391812
multiview,2004,2008,Ugashik,1_2,1319.484612,541.607465
multiview,2004,2009,Ugashik,1_3,1594.092324,1350.054644
multiview,2004,2009,Ugashik,2_2,1238.125801,2550.762238
multiview,2004,2010,Ugashik,2_3,363.0685082,323.9056143
multiview,2005,2009,Ugashik,1_2,876.2213028,731.3478711
multiview,2005,2010,Ugashik,1_3,2314.050322,938.3258913
multiview,2005,2010,Ugashik,2_2,1174.215216,507.6761898
multiview,2005,2011,Ugashik,2_3,887.5360485,837.0433514
multiview,2006,2010,Ugashik,1_2,1066.919596,1064.979825
multiview,2006,2011,Ugashik,1_3,1077.43577,1198.056822
multiview,2006,2011,Ugashik,2_2,935.0991665,1112.317133
multiview,2006,2012,Ugashik,2_3,223.1406332,480.2959016
multiview,2007,2011,Ugashik,1_2,1274.646025,795.9560158
multiview,2007,2012,Ugashik,1_3,929.94966,962.9089214
multiview,2007,2012,Ugashik,2_2,697.4956794,1702.533261
multiview,2007,2013,Ugashik,2_3,180.5070475,322.8981924
multiview,2008,2012,Ugashik,1_2,1046.765316,1235.310396
multiview,2008,2013,Ugashik,1_3,1728.705023,1159.110021
multiview,2008,2013,Ugashik,2_2,332.1581476,1213.865452
multiview,2008,2014,Ugashik,2_3,39.86018346,94.50749062
multiview,2009,2013,Ugashik,1_2,376.1953833,904.7616687
multiview,2009,2014,Ugashik,1_3,317.0778953,1272.146048
multiview,2009,2014,Ugashik,2_2,144.2931536,38.86003336
multiview,2009,2015,Ugashik,2_3,132.4782999,162.0762362
multiview,2010,2014,Ugashik,1_2,578.9736111,860.5089642
multiview,2010,2015,Ugashik,1_3,790.1835249,352.3556082
multiview,2010,2015,Ugashik,2_2,441.8032753,577.1438287
multiview,2010,2016,Ugashik,2_3,283.9730059,160.4211347
multiview,2011,2015,Ugashik,1_2,2738.603189,152.8131528
multiview,2011,2016,Ugashik,1_3,2087.481783,1587.991109
multiview,2011,2016,Ugashik,2_2,1304.626356,956.8954487
multiview,2011,2017,Ugashik,2_3,495.5282005,316.3216934
multiview,2012,2016,Ugashik,1_2,3480.574003,1829.343432
multiview,2012,2017,Ugashik,1_3,1582.990737,1779.936275
multiview,2012,2017,Ugashik,2_2,653.7640748,957.9563786
multiview,2012,2018,Ugashik,2_3,84.33211796,168.5344633
multiview,2013,2017,Ugashik,1_2,3860.506652,1460.255353
multiview,2013,2018,Ugashik,1_3,2008.451042,1299.958218
multiview,2013,2018,Ugashik,2_2,56.48762603,321.5139659
multiview,2013,2019,Ugashik,2_3,31.76435086,65.0872282
multiview,2014,2018,Ugashik,1_2,2596.182364,1806.826
multiview,2014,2019,Ugashik,1_3,1576.519499,1953.522734
multiview,2014,2019,Ugashik,2_2,53.20932247,953.8594267
multiview,2015,2019,Ugashik,1_2,1880.555733,2338.238193
multiview,2008,2012,Togiak,1_2,130.4173334,156.7438201
multiview,2007,2012,Togiak,1_3,684.2727669,470.8978252
multiview,2007,2012,Togiak,2_2,40.1198893,25.46572127
multiview,2006,2012,Togiak,2_3,11.95546471,19.96214565
multiview,2009,2013,Togiak,1_2,95.18388691,151.470568
multiview,2008,2013,Togiak,1_3,529.3282353,375.4943455
multiview,2008,2013,Togiak,2_2,3.299388136,37.95633836
multiview,2007,2013,Togiak,2_3,30.64028626,34.96335399
multiview,2010,2014,Togiak,1_2,143.4158904,221.039494
multiview,2009,2014,Togiak,1_3,401.3427257,461.5760637
multiview,2009,2014,Togiak,2_2,28.4479847,35.72068216
multiview,2008,2014,Togiak,2_3,9.032218928,21.09237711
multiview,2011,2015,Togiak,1_2,185.975015,152.1936473
multiview,2010,2015,Togiak,1_3,391.3510253,385.4909571
multiview,2010,2015,Togiak,2_2,10.53994155,30.48508728
multiview,2009,2015,Togiak,2_3,9.77511789,15.6307349
multiview,2012,2016,Togiak,1_2,198.2951502,40.54961614
multiview,2011,2016,Togiak,1_3,602.452633,491.8907605
multiview,2011,2016,Togiak,2_2,18.2480293,24.06381012
multiview,2010,2016,Togiak,2_3,3.225971065,57.28455497
multiview,2013,2017,Togiak,1_2,321.2905206,134.2369694
multiview,2012,2017,Togiak,1_3,390.6096963,624.0494505
multiview,2012,2017,Togiak,2_2,10.06392435,30.18992898
multiview,2011,2017,Togiak,2_3,3.755839535,15.350707
multiview,2014,2018,Togiak,1_2,596.7317241,214.3762851
multiview,2013,2018,Togiak,1_3,780.5144267,457.0968316
multiview,2013,2018,Togiak,2_2,4.679274412,58.98663061
multiview,2012,2018,Togiak,2_3,9.91742198,22.95067881
multiview,2015,2019,Togiak,1_2,309.2371022,244.541553
multiview,2014,2019,Togiak,1_3,1061.776716,910.0594622
multiview,2014,2019,Togiak,2_2,5.285758388,11.96724317
multiview,2013,2019,Togiak,2_3,3.059749879,18.45435314